name,overclockers_co_uk_price,box_co_uk_price,ebuyer_com_price,amazon_co_uk_price,cclonline_com_price,novatech_co_uk_price,awd_it_co_uk_price,aria_co_uk_price,lambda_tek_com_price,morecomputers_com_price,watercoolinguk_co_uk_price,price_sources,average_price,image
AMD Ryzen 5 7600X,,,,,,,,,,,,1,99.00,thumbnails/master-prices_amd_ryzen_5_7600x.jpg
AMD Ryzen 7 9800X3D,,,,,,,,,,,,1,99.00,thumbnails/master-prices_amd_ryzen_7_9800x3d.png
AMD Ryzen 7 7800X3D,,,,,,,,,,,,1,99.00,thumbnails/master-prices_amd_ryzen_7_7800x3d.jpg
AMD Ryzen 5 9600X,,,,,,,,,,,,1,99.00,thumbnails/master-prices_amd_ryzen_5_9600x.jpg
AMD Ryzen 9 9950X3D,,,,,,,,,,,,1,99.00,thumbnails/master-prices_amd_ryzen_9_9950x3d.jpg
AMD Ryzen 7 7700X,,,,,,,,,,,,1,99.00,thumbnails/master-prices_amd_ryzen_7_7700x.jpg
AMD Ryzen 7 9850X3D,,,,,,,,,,,,1,99.00,thumbnails/master-prices_amd_ryzen_7_9850x3d.jpg
AMD Ryzen 7 9700X,,,,,,,,,,,,1,99.00,thumbnails/master-prices_amd_ryzen_7_9700x.jpg
AMD Ryzen 9 9950X3D2,,,,,,,,,,,,1,99.00,thumbnails/master-prices_amd_ryzen_9_9950x3d2.jpg
AMD Ryzen 5 7500F,,,,,,,,,,,,1,99.00,thumbnails/master-prices_amd_ryzen_5_7500f.jpg
AMD Ryzen 9 9900X,,,,,,,,,,,,1,99.00,thumbnails/master-prices_amd_ryzen_9_9900x.jpg
AMD Ryzen 5 7500X3D,,,,,,,,,,,,1,99.00,thumbnails/master-prices_amd_ryzen_5_7500x3d.jpg
AMD Ryzen 5 7600,,,,,,,,,,,,1,99.00,thumbnails/master-prices_amd_ryzen_5_7600.jpg
AMD Ryzen 9 9950X,,,,,,,,,,,,1,99.00,thumbnails/master-prices_amd_ryzen_9_9950x.jpg
AMD Ryzen 9 7900X,,,,,,,,,,,,1,99.00,thumbnails/master-prices_amd_ryzen_9_7900x.jpg
AMD Ryzen 5 7600X3D,,,,,,,,,,,,1,99.00,thumbnails/master-prices_amd_ryzen_5_7600x3d.jpg
AMD Ryzen 5 8500G,,,,,,,,,,,,1,99.00,thumbnails/master-prices_amd_ryzen_5_8500g.jpg
AMD Ryzen 9 9900X3D,,,,,,,,,,,,1,99.00,thumbnails/master-prices_amd_ryzen_9_9900x3d.jpg
AMD Ryzen 5 8400F,,,,,,,,,,,,1,99.00,thumbnails/master-prices_amd_ryzen_5_8400f.jpg
AMD Ryzen 7 7700,,,,,,,,,,,,1,99.00,thumbnails/master-prices_amd_ryzen_7_7700.jpg
AMD Ryzen 7 8700G,,,,,,,,,,,,1,99.00,thumbnails/master-prices_amd_ryzen_7_8700g.jpg
AMD Ryzen 7 8700F,,,,,,,,,,,,1,99.00,thumbnails/master-prices_amd_ryzen_7_8700f.jpg
AMD Ryzen 5 8600G,,,,,,,,,,,,1,99.00,thumbnails/master-prices_amd_ryzen_5_8600g.jpg
AMD Ryzen 9 7950X3D,,,,,,,,,,,,1,99.00,thumbnails/master-prices_amd_ryzen_9_7950x3d.jpg
AMD Ryzen 9 7950X,,,,,,,,,,,,1,99.00,thumbnails/master-prices_amd_ryzen_9_7950x.jpg
AMD Ryzen 9 7900,,,,,,,,,,,,1,99.00,thumbnails/master-prices_amd_ryzen_9_7900.jpg
AMD Ryzen 9 7900X3D,,,,,,,,,,,,1,99.00,thumbnails/master-prices_amd_ryzen_9_7900x3d.jpg
AMD Ryzen 5 9600,,,,,,,,,,,,1,99.00,thumbnails/master-prices_amd_ryzen_5_9600.jpg
AMD Ryzen 5 7400F,,,,,,,,,,,,1,99.00,thumbnails/master-prices_amd_ryzen_5_7400f.jpg
AMD Ryzen 9 PRO 7945,,,,,,,,,,,,1,99.00,thumbnails/master-prices_amd_ryzen_9_pro_7945.jpg
AMD Ryzen 5 PRO 7645,,,,,,,,,,,,1,99.00,thumbnails/master-prices_amd_ryzen_5_pro_7645.jpg
AMD Ryzen 7 PRO 7745,,,,,,,,,,,,1,99.00,thumbnails/master-prices_amd_ryzen_7_pro_7745.jpg
AMD Ryzen 5 9500F,,,,,,,,,,,,1,99.00,thumbnails/master-prices_amd_ryzen_5_9500f.jpg
AMD Ryzen 7 9700F,,,,,,,,,,,,1,99.00,thumbnails/master-prices_amd_ryzen_7_9700f.jpg
AMD Ryzen 9 PRO 9945,,,,,,,,,,,,1,99.00,thumbnails/master-prices_amd_ryzen_9_pro_9945.jpg
AMD Ryzen 5 7400,,,,,,,,,,,,1,99.00,thumbnails/master-prices_amd_ryzen_5_7400.jpg
AMD Ryzen 5 PRO 7445,,,,,,,,,,,,1,99.00,thumbnails/master-prices_amd_ryzen_5_pro_7445.jpg
AMD Ryzen 5 PRO 9645,,,,,,,,,,,,1,99.00,thumbnails/master-prices_amd_ryzen_5_pro_9645.jpg
AMD Ryzen 7 PRO 9745,,,,,,,,,,,,1,99.00,thumbnails/master-prices_amd_ryzen_7_pro_9745.jpg
AMD Ryzen 5 5500,,,,,,,,,,,,1,99.00,thumbnails/master-prices_amd_ryzen_5_5500.jpg
AMD Ryzen 5 5600X,,,,,,,,,,,,1,99.00,thumbnails/master-prices_amd_ryzen_5_5600x.jpg
AMD Ryzen 5 5600,,,,,,,,,,,,1,99.00,thumbnails/master-prices_amd_ryzen_5_5600.jpg
AMD Ryzen 7 5800X,,,,,,,,,,,,1,99.00,thumbnails/master-prices_amd_ryzen_7_5800x.jpg
Intel Core i7-14700K,,,,,,,,,,,,1,99.00,thumbnails/master-prices_intel_core_i7_14700k.jpg
Intel Core i9-14900K,,,,,,,,,,,,1,99.00,thumbnails/master-prices_intel_core_i9_14900k.jpg
Intel Core i5-12400F,,,,,,,,,,,,1,99.00,thumbnails/master-prices_intel_core_i5_12400f.jpg
AMD Ryzen 5 3600,,,,,,,,,,,,1,99.00,thumbnails/master-prices_amd_ryzen_5_3600.jpg
AMD Ryzen 7 5700X,,,,,,,,,,,,1,99.00,thumbnails/master-prices_amd_ryzen_7_5700x.jpg
Intel Core i5-14600K,,,,,,,,,,,,1,99.00,thumbnails/master-prices_intel_core_i5_14600k.jpg
Intel Core Ultra 7 265K,,,,,,,,,,,,1,99.00,thumbnails/master-prices_intel_core_ultra_7_265k.jpg
AMD Ryzen 7 5700X3D,,,,,,,,,,,,1,99.00,thumbnails/master-prices_amd_ryzen_7_5700x3d.jpg
Intel Core i5-14400F,,,,,,,,,,,,1,99.00,thumbnails/master-prices_intel_core_i5_14400f.jpg
AMD Ryzen 7 5800XT,,,,,,,,,,,,1,99.00,thumbnails/master-prices_amd_ryzen_7_5800xt.jpg
Intel Core Ultra 9 285K,,,,,,,,,,,,1,99.00,thumbnails/master-prices_intel_core_ultra_9_285k.jpg
Intel Core i7-12700K,,,,,,,,,,,,1,99.00,thumbnails/master-prices_intel_core_i7_12700k.jpg
AMD Ryzen 5 5600G,,,,,,,,,,,,1,99.00,thumbnails/master-prices_amd_ryzen_5_5600g.png
Intel Core i5-13400F,,,,,,,,,,,,1,99.00,thumbnails/master-prices_intel_core_i5_13400f.jpg
Intel Core i7-12700KF,,,,,,,,,,,,1,99.00,thumbnails/master-prices_intel_core_i7_12700kf.jpg
AMD Ryzen 9 5900X,139.99,,,,,,,,,,,1,139.99,thumbnails/master-prices_amd_ryzen_9_5900x.jpg
AMD Ryzen 7 3700X,,,,,,,,,,,,1,99.00,thumbnails/master-prices_amd_ryzen_7_3700x.jpg
Intel Core i5-12600KF,,,,,,,,,,,,1,99.00,thumbnails/master-prices_intel_core_i5_12600kf.jpg
AMD Threadripper 3990X,,,,,,,,,,,,1,99.00,thumbnails/master-prices_amd_threadripper_3990x.jpg
Intel Core i5-12600K,,,,,,,,,,,,1,99.00,thumbnails/master-prices_intel_core_i5_12600k.jpg
AMD Ryzen 7 5700G,,,,,,,,,,,,1,99.00,thumbnails/master-prices_amd_ryzen_7_5700g.jpg
AMD Ryzen 9 5950X,,,,,,,,,,,,1,99.00,thumbnails/master-prices_amd_ryzen_9_5950x.jpg
AMD Ryzen 7 5800X3D,,,,,,,,,,,,1,99.00,thumbnails/master-prices_amd_ryzen_7_5800x3d.jpg
Intel Core i3-12100F,,,,,,,,,,,,1,99.00,thumbnails/master-prices_intel_core_i3_12100f.jpg
Intel Core i5-14600KF,,,,,,,,,,,,1,99.00,thumbnails/master-prices_intel_core_i5_14600kf.jpg
AMD Ryzen 5 4500,,,,,,,,,,,,1,99.00,thumbnails/master-prices_amd_ryzen_5_4500.jpg
AMD Ryzen 7 5700,,,,,,,,,,,,1,99.00,thumbnails/master-prices_amd_ryzen_7_5700.jpg
Intel Core i7-14700KF,,,,,,,,,,,,1,99.00,thumbnails/master-prices_intel_core_i7_14700kf.jpg
Intel Core i9-12900K,,,,,,,,,,,,1,99.00,thumbnails/master-prices_intel_core_i9_12900k.jpg
Intel Core Ultra 7 265KF,,,,,,,,,,,,1,99.00,thumbnails/master-prices_intel_core_ultra_7_265kf.jpg
Intel Core i9-14900KF,,,,,,,,,,,,1,99.00,thumbnails/master-prices_intel_core_i9_14900kf.jpg
Intel Core i7-13700K,,,,,,,,,,,,1,99.00,thumbnails/master-prices_intel_core_i7_13700k.jpg
Intel Core i5-10400F,,,,,,,,,,,,1,99.00,thumbnails/master-prices_intel_core_i5_10400f.jpg
AMD Ryzen 5 2600,,,,,,,,,,,,1,99.00,thumbnails/master-prices_amd_ryzen_5_2600.jpg
Intel Core i9-14900KS,,,,,,,,,,,,1,99.00,thumbnails/master-prices_intel_core_i9_14900ks.jpg
AMD Ryzen 5 5600GT,,,,,,,,,,,,1,99.00,thumbnails/master-prices_amd_ryzen_5_5600gt.jpg
Intel Core i5-13600KF,,,,,,,,,,,,1,99.00,thumbnails/master-prices_intel_core_i5_13600kf.webp
AMD Ryzen 9 5900XT,,,,,,,,,,,,1,99.00,thumbnails/master-prices_amd_ryzen_9_5900xt.jpg
Intel Core i7-14700F,,,,,,,,,,,,1,99.00,thumbnails/master-prices_intel_core_i7_14700f.jpg
Intel Core i7-9700K,,,,,,,,,,,,1,99.00,thumbnails/master-prices_intel_core_i7_9700k.jpg
Intel Core i7-8700K,,,,,,,,,,,,1,99.00,thumbnails/master-prices_intel_core_i7_8700k.jpg
AMD Ryzen 3 3200G,,,,,,,,,,,,1,99.00,thumbnails/master-prices_amd_ryzen_3_3200g.jpg
AMD Ryzen 5 3400G,,,,,,,,,,,,1,99.00,thumbnails/master-prices_amd_ryzen_5_3400g.jpg
Intel Core i9-13900K,,,,,,,,,,,,1,99.00,thumbnails/master-prices_intel_core_i9_13900k.jpg
Intel Core i5-12400,,,,,,,,,,,,1,99.00,thumbnails/master-prices_intel_core_i5_12400.jpg
AMD Ryzen 5 3600X,,,,,,,,,,,,1,99.00,thumbnails/master-prices_amd_ryzen_5_3600x.jpg
Intel Core i9-9900K,,,,,,,,,,,,1,99.00,thumbnails/master-prices_intel_core_i9_9900k.jpg
AMD Ryzen 7 2700X,,,,,,,,,,,,1,99.00,thumbnails/master-prices_amd_ryzen_7_2700x.jpg
Intel Core i3-14100F,,,,,,,,,,,,1,99.00,thumbnails/master-prices_intel_core_i3_14100f.jpg
Intel Core i9-12900KF,,,,,,,,,,,,1,99.00,thumbnails/master-prices_intel_core_i9_12900kf.jpg
AMD Ryzen 5 5600XT,,,,,,,,,,,,1,99.00,thumbnails/master-prices_amd_ryzen_5_5600xt.jpg
Intel Core i5-13600K,,,,,,,,,,,,1,99.00,thumbnails/master-prices_intel_core_i5_13600k.jpg
Intel Core i7-7700K,,,,,,,,,,,,1,99.00,thumbnails/master-prices_intel_core_i7_7700k.jpg
AMD Ryzen 3 4100,,,,,,,,,,,,1,99.00,thumbnails/master-prices_amd_ryzen_3_4100.jpg
Intel Core Ultra 5 245K,,,,,,,,,,,,1,99.00,thumbnails/master-prices_intel_core_ultra_5_245k.jpg
AMD Ryzen 3 3100,,,,,,,,,,,,1,99.00,thumbnails/master-prices_amd_ryzen_3_3100.jpg
Intel Core i5-9400F,,,,,,,,,,,,1,99.00,thumbnails/master-prices_intel_core_i5_9400f.jpg
Intel Core i7-13700KF,,,,,,,,,,,,1,99.00,thumbnails/master-prices_intel_core_i7_13700kf.jpg
Intel Core i7-10700K,,,,,,,,,,,,1,99.00,thumbnails/master-prices_intel_core_i7_10700k.jpg
Intel Core i5-14400,139.99,,,,,,,,,,,1,139.99,thumbnails/master-prices_intel_core_i5_14400.jpg
AMD Ryzen 9 3900X,,,,,,,,,,,,1,99.00,thumbnails/master-prices_amd_ryzen_9_3900x.jpg
Intel Core i7-6700K,,,,,,,,,,,,1,99.00,thumbnails/master-prices_intel_core_i7_6700k.jpg
Intel Core i5-11400F,,,,,,,,,,,,1,99.00,thumbnails/master-prices_intel_core_i5_11400f.jpg
AMD Threadripper 3970X,,,,,,,,,,,,1,99.00,thumbnails/master-prices_amd_threadripper_3970x.jpg
AMD Ryzen 7 3800X,,,,,,,,,,,,1,99.00,thumbnails/master-prices_amd_ryzen_7_3800x.jpg
AMD Ryzen 5 2600X,,,,,,,,,,,,1,99.00,thumbnails/master-prices_amd_ryzen_5_2600x.jpg
Intel Core i7-12700F,,,,,,,,,,,,1,99.00,thumbnails/master-prices_intel_core_i7_12700f.jpg
Intel Core i5-9600K,139.99,,,,,,,,,,,1,139.99,thumbnails/master-prices_intel_core_i5_9600k.jpg
Intel Core Ultra 5 225F,,,,,,,,,,,,1,99.00,thumbnails/master-prices_intel_core_ultra_5_225f.jpg
Intel Core i7-11700K,,,,,,,,,,,,1,99.00,thumbnails/master-prices_intel_core_i7_11700k.jpg
Intel Core i3-12100,,,,,,,,,,,,1,99.00,thumbnails/master-prices_intel_core_i3_12100.jpg
Intel Core i5-10400,,,,,,,,,,,,1,99.00,thumbnails/master-prices_intel_core_i5_10400.jpg
Intel Core i7-8700,,,,,,,,,,,,1,99.00,thumbnails/master-prices_intel_core_i7_8700.jpg
Intel Core i3-14100,,,,,,,,,,,,1,99.00,thumbnails/master-prices_intel_core_i3_14100.jpg
Intel Core i3-13100F,,,,,,,,,,,,1,99.00,thumbnails/master-prices_intel_core_i3_13100f.jpg
Intel Pentium E5700,,,,,,,,,,,,1,99.00,thumbnails/master-prices_intel_pentium_e5700.jpg
Intel Core i9-10900K,,,,,,,,,,,,1,99.00,thumbnails/master-prices_intel_core_i9_10900k.jpg
Intel Core i5-13400,,,,,,,,,,,,1,99.00,thumbnails/master-prices_intel_core_i5_13400.jpg
Intel Core i7-7700,,,,,,,,,,,,1,99.00,thumbnails/master-prices_intel_core_i7_7700.jpg
Intel Core i7-13700F,,,,,,,,,,,,1,99.00,thumbnails/master-prices_intel_core_i7_13700f.jpg
Intel Core i5-6500,,,,,,,,,,,,1,99.00,thumbnails/master-prices_intel_core_i5_6500.jpg
AMD Ryzen 5 5500GT,,,,,,,,,,,,1,99.00,thumbnails/master-prices_amd_ryzen_5_5500gt.jpg
Intel Core i9-13900KF,,,,,,,,,,,,1,99.00,thumbnails/master-prices_intel_core_i9_13900kf.jpg
AMD Ryzen 5 4600G,,,,,,,,,,,,1,99.00,thumbnails/master-prices_amd_ryzen_5_4600g.jpg
Intel Core Ultra 5 235,,,,,,,,,,,,1,99.00,thumbnails/master-prices_intel_core_ultra_5_235.webp
Intel Core i7-4790K,,,,,,,,,,,,1,99.00,thumbnails/master-prices_intel_core_i7_4790k.jpg
Intel Core i5-8400,,,,,,,,,,,,1,99.00,thumbnails/master-prices_intel_core_i5_8400.jpg
Intel Core i7-6700,,,,,,,,,,,,1,99.00,thumbnails/master-prices_intel_core_i7_6700.jpg
Intel Core Ultra 5 225,,,,,,,,,,,,1,99.00,thumbnails/master-prices_intel_core_ultra_5_225.jpg
AMD Ryzen 5 3500X,,,,,,,,,,,,1,99.00,thumbnails/master-prices_amd_ryzen_5_3500x.jpg
Intel Core i7-14700,,,,,,,,,,,,1,99.00,thumbnails/master-prices_intel_core_i7_14700.jpg
AMD Ryzen 5 1600 (14nm),,,,,,,,,,,,1,99.00,thumbnails/master-prices_amd_ryzen_5_1600__14nm_.jpg
Intel Core i9-11900K,,,,,,,,,,,,1,99.00,thumbnails/master-prices_intel_core_i9_11900k.jpg
Intel Core i7-10700F,,,,,,,,,,,,1,99.00,thumbnails/master-prices_intel_core_i7_10700f.jpg
Intel Core i3-10100F,,,,,,,,,,,,1,99.00,thumbnails/master-prices_intel_core_i3_10100f.jpg
Intel Core i7-11700F,,,,,,,,,,,,1,99.00,thumbnails/master-prices_intel_core_i7_11700f.jpg
Intel Core i5-13500,,,,,,,,,,,,1,99.00,thumbnails/master-prices_intel_core_i5_13500.jpg
Intel Pentium E2220,,,,,,,,,,,,1,99.00,thumbnails/master-prices_intel_pentium_e2220.jpg
Intel Core i7-12700,,,,,,,,,,,,1,99.00,thumbnails/master-prices_intel_core_i7_12700.jpg
Intel Core i5-10600K,,,,,,,,,,,,1,99.00,thumbnails/master-prices_intel_core_i5_10600k.jpg
Intel Core i5-6600K,,,,,,,,,,,,1,99.00,thumbnails/master-prices_intel_core_i5_6600k.jpg
Intel Core Ultra 9 285,,,,,,,,,,,,1,99.00,thumbnails/master-prices_intel_core_ultra_9_285.jpg
Intel Core i7-4770K,,,,,,,,,,,,1,99.00,thumbnails/master-prices_intel_core_i7_4770k.jpg
Intel Core i7-3770,,,,,,,,,,,,1,99.00,thumbnails/master-prices_intel_core_i7_3770.jpg
Intel Core i7-10700,139.99,,,,,,,,,,,1,139.99,thumbnails/master-prices_intel_core_i7_10700.jpg
AMD Ryzen 9 3950X,,,,,,,,,,,,1,99.00,thumbnails/master-prices_amd_ryzen_9_3950x.jpg
Intel Core i3-6100,,,,,,,,,,,,1,99.00,thumbnails/master-prices_intel_core_i3_6100.jpg
AMD Threadripper 3960X,,,,,,,,,,,,1,99.00,thumbnails/master-prices_amd_threadripper_3960x.jpg
AMD Ryzen 7 2700,,,,,,,,,,,,1,99.00,thumbnails/master-prices_amd_ryzen_7_2700.jpg
Intel Core i5-7500,,,,,,,,,,,,1,99.00,thumbnails/master-prices_intel_core_i5_7500.jpg
Intel Core i5-14500,,,,,,,,,,,,1,99.00,thumbnails/master-prices_intel_core_i5_14500.jpg
Intel Core i7-9700,,,,,,,,,,,,1,99.00,thumbnails/master-prices_intel_core_i7_9700.jpg
Intel Core Ultra 7 265,,,,,,,,,,,,1,99.00,thumbnails/master-prices_intel_core_ultra_7_265.jpg
Intel Core i5-11400,,,,,,,,,,,,1,99.00,thumbnails/master-prices_intel_core_i5_11400.jpg
Intel Core i9-10850K,,,,,,,,,,,,1,99.00,thumbnails/master-prices_intel_core_i9_10850k.jpg
Intel Core i5-7400,,,,,,,,,,,,1,99.00,thumbnails/master-prices_intel_core_i5_7400.jpg
Intel Core i9-13900KS,,,,,,,,,,,,1,99.00,thumbnails/master-prices_intel_core_i9_13900ks.jpg
Intel Core Ultra 7 265F,,,,,,,,,,,,1,99.00,thumbnails/master-prices_intel_core_ultra_7_265f.jpg
Intel Core i3-8100,,,,,,,,,,,,1,99.00,thumbnails/master-prices_intel_core_i3_8100.webp
Intel Core i7-4790,,,,,,,,,,,,1,99.00,thumbnails/master-prices_intel_core_i7_4790.png
Intel Xeon E5-2699 V4,,,,,,,,,,,,1,99.00,thumbnails/master-prices_intel_xeon_e5_2699_v4.png
Intel Core i5-4690K,,,,,,,,,,,,1,99.00,thumbnails/master-prices_intel_core_i5_4690k.jpg
Intel Xeon E5-2680 V4,,,,,,,,,,,,1,99.00,thumbnails/master-prices_intel_xeon_e5_2680_v4.jpg
Intel Core i9-12900KS,,,,,,,,,,,,1,99.00,thumbnails/master-prices_intel_core_i9_12900ks.jpg
AMD Ryzen 7 1700,,,,,,,,,,,,1,99.00,thumbnails/master-prices_amd_ryzen_7_1700.jpg
Intel Core i5-8600K,,,,,,,,,,,,1,99.00,thumbnails/master-prices_intel_core_i5_8600k.jpg
Intel Core i3-10100,,,,,,,,,,,,1,99.00,thumbnails/master-prices_intel_core_i3_10100.jpg
Intel Pentium G640,,,,,,,,,,,,1,99.00,thumbnails/master-prices_intel_pentium_g640.jpg
Intel Core i9-9900KF,,,,,,,,,,,,1,99.00,thumbnails/master-prices_intel_core_i9_9900kf.jpg
Intel Core i7-9700F,,,,,,,,,,,,1,99.00,thumbnails/master-prices_intel_core_i7_9700f.png
AMD EPYC 4564P,,,,,,,,,,,,1,99.00,thumbnails/master-prices_amd_epyc_4564p.jpg
AMD Ryzen 3 2200G,,,,,,,,,,,,1,99.00,thumbnails/master-prices_amd_ryzen_3_2200g.jpg
AMD Ryzen 5 2400G,,,,,,,,,,,,1,99.00,thumbnails/master-prices_amd_ryzen_5_2400g.jpg
Intel Core i5-12500,,,,,,,,,,,,1,99.00,thumbnails/master-prices_intel_core_i5_12500.jpg
AMD Ryzen 5 5600X3D,,,,,,,,,,,,1,99.00,thumbnails/master-prices_amd_ryzen_5_5600x3d.jpg
Intel Core i3-9100F,,,,,,,,,,,,1,99.00,thumbnails/master-prices_intel_core_i3_9100f.jpg
Intel Core i5-8500,,,,,,,,,,,,1,99.00,thumbnails/master-prices_intel_core_i5_8500.jpg
Intel Core i5-11600K,,,,,,,,,,,,1,99.00,thumbnails/master-prices_intel_core_i5_11600k.jpg
Intel Core i5-7500T,,,,,,,,,,,,1,99.00,thumbnails/master-prices_intel_core_i5_7500t.jpg
Intel Core i5-4590,,,,,,,,,,,,1,99.00,thumbnails/master-prices_intel_core_i5_4590.jpg
AMD Ryzen 5 1600 (12nm),,,,,,,,,,,,1,99.00,thumbnails/master-prices_amd_ryzen_5_1600__12nm_.jpg
AMD Athlon 3000G (14nm),,,,,,,,,,,,1,99.00,thumbnails/master-prices_amd_athlon_3000g__14nm_.png
Intel Core i7-10700KF,,,,,,,,,,,,1,99.00,thumbnails/master-prices_intel_core_i7_10700kf.webp
Intel Core i7-3770K,,,,,,,,,,,,1,99.00,thumbnails/master-prices_intel_core_i7_3770k.jpg
AMD Ryzen 9 3900XT,,,,,,,,,,,,1,99.00,thumbnails/master-prices_amd_ryzen_9_3900xt.jpg
Intel Core i3-10105F,,,,,,,,,,,,1,99.00,thumbnails/master-prices_intel_core_i3_10105f.jpg
Intel Core i5-7600,,,,,,,,,,,,1,99.00,thumbnails/master-prices_intel_core_i5_7600.jpg
Intel Core i7-9700KF,,,,,,,,,,,,1,99.00,thumbnails/master-prices_intel_core_i7_9700kf.jpg
Intel Core i7-4770,,,,,,,,,,,,1,99.00,thumbnails/master-prices_intel_core_i7_4770.jpg
Intel Core i5-3470,,,,,,,,,,,,1,99.00,thumbnails/master-prices_intel_core_i5_3470.jpg
AMD FX-8350,,,,,,,,,,,,1,99.00,thumbnails/master-prices_amd_fx_8350.jpg
AMD Ryzen 5 1600X,,,,,,,,,,,,1,99.00,thumbnails/master-prices_amd_ryzen_5_1600x.jpg
AMD 2650,,,,,,,,,,,,1,99.00,thumbnails/master-prices_amd_2650.jpg
Intel Core i7-11700KF,,,,,,,,,,,,1,99.00,thumbnails/master-prices_intel_core_i7_11700kf.jpg
Intel Core i3-4150,,,,,,,,,,,,1,99.00,thumbnails/master-prices_intel_core_i3_4150.jpg
Intel Core i7-11700,,,,,,,,,,,,1,99.00,thumbnails/master-prices_intel_core_i7_11700.jpg
Intel Core Ultra 5 245KF,,,,,,,,,,,,1,99.00,thumbnails/master-prices_intel_core_ultra_5_245kf.jpg
Intel Core i7-6950X,,,,,,,,,,,,1,99.00,thumbnails/master-prices_intel_core_i7_6950x.jpg
Intel Core i5-7600K,,,,,,,,,,,,1,99.00,thumbnails/master-prices_intel_core_i5_7600k.webp
AMD Ryzen 5 3500,,,,,,,,,,,,1,99.00,thumbnails/master-prices_amd_ryzen_5_3500.jpg
Intel Core i3-13100,,,,,,,,,,,,1,99.00,thumbnails/master-prices_intel_core_i3_13100.jpg
Intel Core i9-11900KF,,,,,,,,,,,,1,99.00,thumbnails/master-prices_intel_core_i9_11900kf.jpg
AMD Ryzen 7 1700X,,,,,,,,,,,,1,99.00,thumbnails/master-prices_amd_ryzen_7_1700x.jpg
AMD Ryzen 7 3800XT,,,,,,,,,,,,1,99.00,thumbnails/master-prices_amd_ryzen_7_3800xt.jpg
Intel Core i7-13700,,,,,,,,,,,,1,99.00,thumbnails/master-prices_intel_core_i7_13700.jpg
AMD Ryzen 3 3300X,,,,,,,,,,,,1,99.00,thumbnails/master-prices_amd_ryzen_3_3300x.jpg
Intel Core i9-14900F,,,,,,,,,,,,1,99.00,thumbnails/master-prices_intel_core_i9_14900f.jpg
AMD Ryzen 7 1800X,,,,,,,,,,,,1,99.00,thumbnails/master-prices_amd_ryzen_7_1800x.jpg
AMD Ryzen 5 3600XT,,,,,,,,,,,,1,99.00,thumbnails/master-prices_amd_ryzen_5_3600xt.jpg
Intel Core i5-4570,,,,,,,,,,,,1,99.00,thumbnails/master-prices_intel_core_i5_4570.jpg
Intel Core i5-11600KF,,,,,,,,,,,,1,99.00,thumbnails/master-prices_intel_core_i5_11600kf.jpg
Intel Core i5-2400,,,,,,,,,,,,1,99.00,thumbnails/master-prices_intel_core_i5_2400.jpg
Intel Core i5-9600KF,,,,,,,,,,,,1,99.00,thumbnails/master-prices_intel_core_i5_9600kf.jpg
Intel Core i5-9400,,,,,,,,,,,,1,99.00,thumbnails/master-prices_intel_core_i5_9400.jpg
Intel Core i3-10105,,,,,,,,,,,,1,99.00,thumbnails/master-prices_intel_core_i3_10105.jpg
Intel Core i5-4460,,,,,,,,,,,,1,99.00,thumbnails/master-prices_intel_core_i5_4460.jpg
AMD Ryzen 3 1200 (14nm),,,,,,,,,,,,1,99.00,thumbnails/master-prices_amd_ryzen_3_1200__14nm_.jpg
Intel Core i5-10600KF,,,,,,,,,,,,1,99.00,thumbnails/master-prices_intel_core_i5_10600kf.jpg
AMD Ryzen 5 1400,,,,,,,,,,,,1,99.00,thumbnails/master-prices_amd_ryzen_5_1400.jpg
Intel Core i5-6400,,,,,,,,,,,,1,99.00,thumbnails/master-prices_intel_core_i5_6400.jpg
Intel Core i7-6800K,,,,,,,,,,,,1,99.00,thumbnails/master-prices_intel_core_i7_6800k.jpg
Intel Core i5-4570T,,,,,,,,,,,,1,99.00,thumbnails/master-prices_intel_core_i5_4570t.png
AMD Ryzen 5 5600T,,,,,,,,,,,,1,99.00,thumbnails/master-prices_amd_ryzen_5_5600t.jpg
AMD Threadripper 2920X,,,,,,,,,,,,1,99.00,thumbnails/master-prices_amd_threadripper_2920x.jpg
Intel Core i3-9100,,,,,,,,,,,,1,99.00,thumbnails/master-prices_intel_core_i3_9100.jpg
Intel Core i3-7100,,,,,,,,,,,,1,99.00,thumbnails/master-prices_intel_core_i3_7100.jpg
Intel Core i9-10900KF,,,,,,,,,,,,1,99.00,thumbnails/master-prices_intel_core_i9_10900kf.jpg
Intel Xeon E5-2687W V4,,,,,,,,,,,,1,99.00,thumbnails/master-prices_intel_xeon_e5_2687w_v4.jpg
AMD FX-6300,,,,,,,,,,,,1,99.00,thumbnails/master-prices_amd_fx_6300.jpg
Intel Core i9-14900,,,,,,,,,,,,1,99.00,thumbnails/master-prices_intel_core_i9_14900.png
Intel Core i9-9900KS,,,,,,,,,,,,1,99.00,thumbnails/master-prices_intel_core_i9_9900ks.jpg
Intel Core i5-9500,,,,,,,,,,,,1,99.00,thumbnails/master-prices_intel_core_i5_9500.png
Intel Core i7-2600,,,,,,,,,,,,1,99.00,thumbnails/master-prices_intel_core_i7_2600.jpg
AMD Ryzen 5 1500X,,,,,,,,,,,,1,99.00,thumbnails/master-prices_amd_ryzen_5_1500x.jpg
Intel Core i5-10500,,,,,,,,,,,,1,99.00,thumbnails/master-prices_intel_core_i5_10500.jpg
Intel Core i9-10980XE,,,,,,,,,,,,1,99.00,thumbnails/master-prices_intel_core_i9_10980xe.jpg
Intel Core i9-7900X,,,,,,,,,,,,1,99.00,thumbnails/master-prices_intel_core_i9_7900x.jpg
Intel Core i5-3570K,,,,,,,,,,,,1,99.00,thumbnails/master-prices_intel_core_i5_3570k.jpg
Intel Core i3-4130,,,,,,,,,,,,1,99.00,thumbnails/master-prices_intel_core_i3_4130.jpg
Intel Core i5-4690,,,,,,,,,,,,1,99.00,thumbnails/master-prices_intel_core_i5_4690.jpg
AMD Threadripper 1950X,,,,,,,,,,,,1,99.00,thumbnails/master-prices_amd_threadripper_1950x.jpg
Intel Core i7-5820K,,,,,,,,,,,,1,99.00,thumbnails/master-prices_intel_core_i7_5820k.jpg
Intel Core i5-6600,,,,,,,,,,,,1,99.00,thumbnails/master-prices_intel_core_i5_6600.jpg
Intel Celeron G6900,,,,,,,,,,,,1,99.00,thumbnails/master-prices_intel_celeron_g6900.jpg
AMD EPYC 4244P,,,,,,,,,,,,1,99.00,thumbnails/master-prices_amd_epyc_4244p.jpg
Intel Core i9-13900,,,,,,,,,,,,1,99.00,thumbnails/master-prices_intel_core_i9_13900.webp
Intel Pentium Gold G7400,,,,,,,,,,,,1,99.00,thumbnails/master-prices_intel_pentium_gold_g7400.jpg
Intel Core i9-9940X,,,,,,,,,,,,1,99.00,thumbnails/master-prices_intel_core_i9_9940x.jpg
AMD Athlon 200GE,,,,,,,,,,,,1,99.00,thumbnails/master-prices_amd_athlon_200ge.jpg
Intel Core i5-2500K,,,,,,,,,,,,1,99.00,thumbnails/master-prices_intel_core_i5_2500k.jpg
AMD Threadripper 1920X,,,,,,,,,,,,1,99.00,thumbnails/master-prices_amd_threadripper_1920x.jpg
Intel Core i5-8500T,,,,,,,,,,,,1,99.00,thumbnails/master-prices_intel_core_i5_8500t.jpg
Intel Core 2 Duo E8400,,,,,,,,,,,,1,99.00,thumbnails/master-prices_intel_core_2_duo_e8400.jpg
Intel Xeon E3-1220 V6,,,,,,,,,,,,1,99.00,thumbnails/master-prices_intel_xeon_e3_1220_v6.jpg
Intel Core i5-3570,,,,,,,,,,,,1,99.00,thumbnails/master-prices_intel_core_i5_3570.jpg
Intel Pentium Gold G5420,,,,,,,,,,,,1,99.00,thumbnails/master-prices_intel_pentium_gold_g5420.jpg
Intel Pentium G4400,,,,,,,,,,,,1,99.00,thumbnails/master-prices_intel_pentium_g4400.jpg
Intel Core i5-12600,,,,,,,,,,,,1,99.00,thumbnails/master-prices_intel_core_i5_12600.jpg
Intel Celeron 420,,,,,,,,,,,,1,99.00,thumbnails/master-prices_intel_celeron_420.jpg
Intel Core i9-10900F,,,,,,,,,,,,1,99.00,thumbnails/master-prices_intel_core_i9_10900f.jpg
AMD A6-6400K,,,,,,,,,,,,1,99.00,thumbnails/master-prices_amd_a6_6400k.jpg
Intel Core i9-10900,,,,,,,,,,,,1,99.00,thumbnails/master-prices_intel_core_i9_10900.jpg
Intel Celeron G5900,,,,,,,,,,,,1,99.00,thumbnails/master-prices_intel_celeron_g5900.jpg
Intel Core i9-10900X,,,,,,,,,,,,1,99.00,thumbnails/master-prices_intel_core_i9_10900x.jpg
Intel Core i5-4670K,,,,,,,,,,,,1,99.00,thumbnails/master-prices_intel_core_i5_4670k.jpg
AMD Threadripper 2970WX,,,,,,,,,,,,1,99.00,thumbnails/master-prices_amd_threadripper_2970wx.jpg
Intel Core i9-9820X,,,,,,,,,,,,1,99.00,thumbnails/master-prices_intel_core_i9_9820x.jpg
Intel Core i5-13500T,139.99,,,,,,,,,,,1,139.99,thumbnails/master-prices_intel_core_i5_13500t.jpg
Intel Core i9-13900F,,,,,,,,,,,,1,99.00,thumbnails/master-prices_intel_core_i9_13900f.jpg
Intel Xeon E5-1650 V4,,,,,,,,,,,,1,99.00,thumbnails/master-prices_intel_xeon_e5_1650_v4.jpg
Intel Core i5-11600,,,,,,,,,,,,1,99.00,thumbnails/master-prices_intel_core_i5_11600.jpg
Intel Core i7-8086K,,,,,,,,,,,,1,99.00,thumbnails/master-prices_intel_core_i7_8086k.jpg
AMD EPYC 4464P,,,,,,,,,,,,1,99.00,thumbnails/master-prices_amd_epyc_4464p.jpg
Intel Xeon E5-2690 V2,,,,,,,,,,,,1,99.00,thumbnails/master-prices_intel_xeon_e5_2690_v2.jpg
Intel Core i7-2600K,,,,,,,,,,,,1,99.00,thumbnails/master-prices_intel_core_i7_2600k.jpg
Intel Core i5-11500,,,,,,,,,,,,1,99.00,thumbnails/master-prices_intel_core_i5_11500.jpg
AMD FX-6350,,,,,,,,,,,,1,99.00,thumbnails/master-prices_amd_fx_6350.jpg
Intel Core i9-9900,,,,,,,,,,,,1,99.00,thumbnails/master-prices_intel_core_i9_9900.jpg
Intel Core i9-11900F,,,,,,,,,,,,1,99.00,thumbnails/master-prices_intel_core_i9_11900f.jpg
Intel Core i7-6850K,,,,,,,,,,,,1,99.00,thumbnails/master-prices_intel_core_i7_6850k.jpg
AMD FX-9590,,,,,,,,,,,,1,99.00,thumbnails/master-prices_amd_fx_9590.jpg
Intel Core i9-12900F,,,,,,,,,,,,1,99.00,thumbnails/master-prices_intel_core_i9_12900f.jpg
Intel Celeron G5905,,,,,,,,,,,,1,99.00,thumbnails/master-prices_intel_celeron_g5905.jpg
Intel Core i9-12900,,,,,,,,,,,,1,99.00,thumbnails/master-prices_intel_core_i9_12900.jpg
Intel Core i5-14500T,,,,,,,,,,,,1,99.00,thumbnails/master-prices_intel_core_i5_14500t.jpg
Intel Core i7-4770S,,,,,,,,,,,,1,99.00,thumbnails/master-prices_intel_core_i7_4770s.jpg
Intel Core i7-4930K,139.99,,,,,,,,,,,1,139.99,thumbnails/master-prices_intel_core_i7_4930k.jpg
Intel Core i5-8600,,,,,,,,,,,,1,99.00,thumbnails/master-prices_intel_core_i5_8600.jpg
Intel Core i5-4440,,,,,,,,,,,,1,99.00,thumbnails/master-prices_intel_core_i5_4440.jpg
AMD Athlon X2 340,,,,,,,,,,,,1,99.00,thumbnails/master-prices_amd_athlon_x2_340.jpg
Intel Celeron G3930,,,,,,,,,,,,1,99.00,thumbnails/master-prices_intel_celeron_g3930.jpg
Intel Pentium G4560,,,,,,,,,,,,1,99.00,thumbnails/master-prices_intel_pentium_g4560.jpg
AMD FX-8320,,,,,,,,,,,,1,99.00,thumbnails/master-prices_amd_fx_8320.jpg
Intel Core i3-530,,,,,,,,,,,,1,99.00,thumbnails/master-prices_intel_core_i3_530.jpg
Intel Core i3-12100T,,,,,,,,,,,,1,99.00,thumbnails/master-prices_intel_core_i3_12100t.jpg
Intel Xeon E5-2650 V4,,,,,,,,,,,,1,99.00,thumbnails/master-prices_intel_xeon_e5_2650_v4.jpg
AMD Ryzen 3 1300X,,,,,,,,,,,,1,99.00,thumbnails/master-prices_amd_ryzen_3_1300x.jpg
Intel Core i5-9600,,,,,,,,,,,,1,99.00,thumbnails/master-prices_intel_core_i5_9600.jpg
Intel Core i3-3220,,,,,,,,,,,,1,99.00,thumbnails/master-prices_intel_core_i3_3220.jpg
Intel Core i5-10600,,,,,,,,,,,,1,99.00,thumbnails/master-prices_intel_core_i5_10600.jpg
Intel Pentium Gold G6600,,,,,,,,,,,,1,99.00,thumbnails/master-prices_intel_pentium_gold_g6600.jpg
Intel Xeon E5-2698 V4,,,,,,,,,,,,1,99.00,thumbnails/master-prices_intel_xeon_e5_2698_v4.jpg
AMD Athlon II X2 240,,,,,,,,,,,,1,99.00,thumbnails/master-prices_amd_athlon_ii_x2_240.jpg
Intel Core i9-10920X,,,,,,,,,,,,1,99.00,thumbnails/master-prices_intel_core_i9_10920x.jpg
Intel Core i7-2700K,,,,,,,,,,,,1,99.00,thumbnails/master-prices_intel_core_i7_2700k.jpg
Intel Core i3-7100T,,,,,,,,,,,,1,99.00,thumbnails/master-prices_intel_core_i3_7100t.jpg
Intel Core i9-9900K (Standard Folding Box),,,,,,,,,,,,1,99.00,thumbnails/master-prices_intel_core_i9_9900k__standard_folding_box_.jpg
Intel Core i7-7820X,,,,,,,,,,,,1,99.00,thumbnails/master-prices_intel_core_i7_7820x.jpg
Intel Xeon E5-2630 V4,,,,,,,,,,,,1,99.00,thumbnails/master-prices_intel_xeon_e5_2630_v4.jpg
Intel Core i9-13900T,,,,,,,,,,,,1,99.00,thumbnails/master-prices_intel_core_i9_13900t.jpg
AMD FX-8300,,,,,,,,,,,,1,99.00,thumbnails/master-prices_amd_fx_8300.jpg
AMD A4-6300,,,,,,,,,,,,1,99.00,thumbnails/master-prices_amd_a4_6300.jpg
Intel Core i7-7800X,,,,,,,,,,,,1,99.00,thumbnails/master-prices_intel_core_i7_7800x.jpg
Intel Core i9-11900,,,,,,,,,,,,1,99.00,thumbnails/master-prices_intel_core_i9_11900.jpg
Intel Pentium Gold G6400,,,,,,,,,,,,1,99.00,thumbnails/master-prices_intel_pentium_gold_g6400.jpg
Intel Xeon E5-2667 V3,,,,,,,,,,,,1,99.00,thumbnails/master-prices_intel_xeon_e5_2667_v3.jpg
Intel 300,,,,,,,,,,,,1,99.00,thumbnails/master-prices_intel_300.jpg
Intel Xeon E5-4620,,,,,,,,,,,,1,99.00,thumbnails/master-prices_intel_xeon_e5_4620.jpg
Intel Core i7-5960X,,,,,,,,,,,,1,99.00,thumbnails/master-prices_intel_core_i7_5960x.jpg
AMD Threadripper 2990WX,,,,,,,,,,,,1,99.00,thumbnails/master-prices_amd_threadripper_2990wx.jpg
Intel Core i3-2100,,,,,,,,,,,,1,99.00,thumbnails/master-prices_intel_core_i3_2100.jpg
AMD Threadripper 2950X,,,,,,,,,,,,1,99.00,thumbnails/master-prices_amd_threadripper_2950x.jpg
Intel Core i5-2500,,,,,,,,,,,,1,99.00,thumbnails/master-prices_intel_core_i5_2500.jpg
Intel Celeron E3400,,,,,,,,,,,,1,99.00,thumbnails/master-prices_intel_celeron_e3400.jpg
Intel Core i3-2120,,,,,,,,,,,,1,99.00,thumbnails/master-prices_intel_core_i3_2120.jpg
Intel Core i3-4170,,,,,,,,,,,,1,99.00,thumbnails/master-prices_intel_core_i3_4170.jpg
AMD EPYC 4344P,,,,,,,,,,,,1,99.00,thumbnails/master-prices_amd_epyc_4344p.jpg
Intel Core i9-7920X,,,,,,,,,,,,1,99.00,thumbnails/master-prices_intel_core_i9_7920x.jpg
Intel Xeon E5-2620,,,,,,,,,,,,1,99.00,thumbnails/master-prices_intel_xeon_e5_2620.jpg
Intel Core i9-9980XE,,,,,,,,,,,,1,99.00,thumbnails/master-prices_intel_core_i9_9980xe.jpg
AMD Ryzen 3 1200 (12nm),,,,,,,,,,,,1,99.00,thumbnails/master-prices_amd_ryzen_3_1200__12nm_.jpg
Intel Core i5-4430,,,,,,,,,,,,1,99.00,thumbnails/master-prices_intel_core_i5_4430.jpg
Intel Core i7-920,,,,,,,,,,,,1,99.00,thumbnails/master-prices_intel_core_i7_920.jpg
Intel Core i7-4960X Extreme Edition,,,,,,,,,,,,1,99.00,thumbnails/master-prices_intel_core_i7_4960x_extreme_edition.jpg
Intel Core i5-4670,,,,,,,,,,,,1,99.00,thumbnails/master-prices_intel_core_i5_4670.jpg
AMD Threadripper 1900X,,,,,,,,,,,,1,99.00,thumbnails/master-prices_amd_threadripper_1900x.jpg
Intel Xeon E5-2630 V3,,,,,,,,,,,,1,99.00,thumbnails/master-prices_intel_xeon_e5_2630_v3.jpg
AMD A8-9600,,,,,,,,,,,,1,99.00,thumbnails/master-prices_amd_a8_9600.jpg
Intel Core i7-5930K,,,,,,,,,,,,1,99.00,thumbnails/master-prices_intel_core_i7_5930k.jpg
AMD FX-6100,,,,,,,,,,,,1,99.00,thumbnails/master-prices_amd_fx_6100.jpg
Intel Core i7-13700T,,,,,,,,,,,,1,99.00,thumbnails/master-prices_intel_core_i7_13700t.jpg
Intel Core i5-750,,,,,,,,,,,,1,99.00,thumbnails/master-prices_intel_core_i5_750.jpg
Intel Xeon E5-2697 V4,,,,,,,,,,,,1,99.00,thumbnails/master-prices_intel_xeon_e5_2697_v4.jpg
AMD Athlon II X4 640,,,,,,,,,,,,1,99.00,thumbnails/master-prices_amd_athlon_ii_x4_640.jpg
AMD Ryzen 9 3900,,,,,,,,,,,,1,99.00,thumbnails/master-prices_amd_ryzen_9_3900.jpg
Intel Core i3-8350K,,,,,,,,,,,,1,99.00,thumbnails/master-prices_intel_core_i3_8350k.jpg
Intel Core i5-3330,,,,,,,,,,,,1,99.00,thumbnails/master-prices_intel_core_i5_3330.jpg
Intel Core i7-3930K,,,,,,,,,,,,1,99.00,thumbnails/master-prices_intel_core_i7_3930k.jpg
AMD FX-4350,,,,,,,,,,,,1,99.00,thumbnails/master-prices_amd_fx_4350.jpg
Intel Xeon E5-2697 V2,,,,,,,,,,,,1,99.00,thumbnails/master-prices_intel_xeon_e5_2697_v2.jpg
Intel Core i7-6900K,,,,,,,,,,,,1,99.00,thumbnails/master-prices_intel_core_i7_6900k.jpg
Intel Xeon E5-2683 V4,,,,,,,,,,,,1,99.00,thumbnails/master-prices_intel_xeon_e5_2683_v4.jpg
AMD EPYC 4364P,,,,,,,,,,,,1,99.00,thumbnails/master-prices_amd_epyc_4364p.jpg
Intel Xeon E5-1620 V2,,,,,,,,,,,,1,99.00,thumbnails/master-prices_intel_xeon_e5_1620_v2.jpg
Intel Core i9-10940X,,,,,,,,,,,,1,99.00,thumbnails/master-prices_intel_core_i9_10940x.jpg
AMD FX-8370,,,,,,,,,,,,1,99.00,thumbnails/master-prices_amd_fx_8370.jpg
Intel Core i7-8700T,,,,,,,,,,,,1,99.00,thumbnails/master-prices_intel_core_i7_8700t.jpg
AMD A8-7600,,,,,,,,,,,,1,99.00,thumbnails/master-prices_amd_a8_7600.jpg
Intel Xeon E5-2690 V4,,,,,,,,,,,,1,99.00,thumbnails/master-prices_intel_xeon_e5_2690_v4.jpg
Intel Core i5-13600,,,,,,,,,,,,1,99.00,thumbnails/master-prices_intel_core_i5_13600.jpg
Intel Celeron G5925,,,,,,,,,,,,1,99.00,thumbnails/master-prices_intel_celeron_g5925.jpg
AMD EPYC 4584PX,,,,,,,,,,,,1,99.00,thumbnails/master-prices_amd_epyc_4584px.jpg
Intel Core i7-860,,,,,,,,,,,,1,99.00,thumbnails/master-prices_intel_core_i7_860.jpg
Intel Core i7-6700T,,,,,,,,,,,,1,99.00,thumbnails/master-prices_intel_core_i7_6700t.jpg
Intel Xeon E5-2670 V3,139.99,,,,,,,,,,,1,139.99,thumbnails/master-prices_intel_xeon_e5_2670_v3.jpg
Intel Core i3-4160,,,,,,,,,,,,1,99.00,thumbnails/master-prices_intel_core_i3_4160.jpg
Intel Xeon E5-2699 V3,,,,,,,,,,,,1,99.00,thumbnails/master-prices_intel_xeon_e5_2699_v3.jpg
Intel Pentium Gold G5400,,,,,,,,,,,,1,99.00,thumbnails/master-prices_intel_pentium_gold_g5400.jpg
Intel Xeon E5-2680 V3,,,,,,,,,,,,1,99.00,thumbnails/master-prices_intel_xeon_e5_2680_v3.jpg
Intel Core i5-7400T,,,,,,,,,,,,1,99.00,thumbnails/master-prices_intel_core_i5_7400t.jpg
Intel Core i7-7740X,,,,,,,,,,,,1,99.00,thumbnails/master-prices_intel_core_i7_7740x.jpg
Intel Core i9-7980XE,,,,,,,,,,,,1,99.00,thumbnails/master-prices_intel_core_i9_7980xe.jpg
Intel Core i7-990X Extreme Edition,,,,,,,,,,,,1,99.00,thumbnails/master-prices_intel_core_i7_990x_extreme_edition.jpg
Intel Core i7-3820,,,,,,,,,,,,1,99.00,thumbnails/master-prices_intel_core_i7_3820.jpg
Intel Core i5-3450,,,,,,,,,,,,1,99.00,thumbnails/master-prices_intel_core_i5_3450.jpg
Intel Xeon E5-2650,,,,,,,,,,,,1,99.00,thumbnails/master-prices_intel_xeon_e5_2650.jpg
AMD FX-4300,,,,,,,,,,,,1,99.00,thumbnails/master-prices_amd_fx_4300.jpg
Intel Xeon E5-1630 V4,,,,,,,,,,,,1,99.00,thumbnails/master-prices_intel_xeon_e5_1630_v4.jpg
Intel Core 2 Quad Q9300,,,,,,,,,,,,1,99.00,thumbnails/master-prices_intel_core_2_quad_q9300.jpg
Intel Core i3-3240,,,,,,,,,,,,1,99.00,thumbnails/master-prices_intel_core_i3_3240.jpg
AMD A10-7700K,,,,,,,,,,,,1,99.00,thumbnails/master-prices_amd_a10_7700k.jpg
AMD Phenom II X6 1090T Black,,,,,,,,,,,,1,99.00,thumbnails/master-prices_amd_phenom_ii_x6_1090t_black.jpg
Intel Core i7-980X Extreme Edition,,,,,,,,,,,,1,99.00,thumbnails/master-prices_intel_core_i7_980x_extreme_edition.jpg
Intel Core 2 Quad Q6600,,,,,,,,,,,,1,99.00,thumbnails/master-prices_intel_core_2_quad_q6600.jpg
Intel Xeon E5-1620 V3,,,,,,,,,,,,1,99.00,thumbnails/master-prices_intel_xeon_e5_1620_v3.jpg
Intel Core i7-4820K,,,,,,,,,,,,1,99.00,thumbnails/master-prices_intel_core_i7_4820k.jpg
Intel Xeon E5-2660 V3,,,,,,,,,,,,1,99.00,thumbnails/master-prices_intel_xeon_e5_2660_v3.jpg
Intel Core i9-7960X,,,,,,,,,,,,1,99.00,thumbnails/master-prices_intel_core_i9_7960x.jpg
AMD FX-6120,,,,,,,,,,,,1,99.00,thumbnails/master-prices_amd_fx_6120.jpg
Intel Xeon E3-1230 V2,,,,,,,,,,,,1,99.00,thumbnails/master-prices_intel_xeon_e3_1230_v2.jpg
Intel Core i7-9800X,,,,,,,,,,,,1,99.00,thumbnails/master-prices_intel_core_i7_9800x.jpg
Intel Core i5-9500F,,,,,,,,,,,,1,99.00,thumbnails/master-prices_intel_core_i5_9500f.jpg
Intel Core i5-8400T,139.99,,,,,,,,,,,1,139.99,thumbnails/master-prices_intel_core_i5_8400t.jpg
Intel Xeon E3-1231 V3,,,,,,,,,,,,1,99.00,thumbnails/master-prices_intel_xeon_e3_1231_v3.jpg
Intel Core i7-3770S,,,,,,,,,,,,1,99.00,thumbnails/master-prices_intel_core_i7_3770s.jpg
Intel Xeon E5-2680,,,,,,,,,,,,1,99.00,thumbnails/master-prices_intel_xeon_e5_2680.jpg
Intel Core i5-9500T,,,,,,,,,,,,1,99.00,thumbnails/master-prices_intel_core_i5_9500t.jpg
Intel Core i3-10100T,,,,,,,,,,,,1,99.00,thumbnails/master-prices_intel_core_i3_10100t.jpg
Intel Core i7-7700T,,,,,,,,,,,,1,99.00,thumbnails/master-prices_intel_core_i7_7700t.jpg
Intel Core i3-13100T,,,,,,,,,,,,1,99.00,thumbnails/master-prices_intel_core_i3_13100t.jpg
AMD A8-6600K,,,,,,,,,,,,1,99.00,thumbnails/master-prices_amd_a8_6600k.jpg
Intel Pentium G3258,,,,,,,,,,,,1,99.00,thumbnails/master-prices_intel_pentium_g3258.jpg
Intel Core i5-650,,,,,,,,,,,,1,99.00,thumbnails/master-prices_intel_core_i5_650.jpg
Intel Core i7-5775C,,,,,,,,,,,,1,99.00,thumbnails/master-prices_intel_core_i7_5775c.jpg
AMD 5350,,,,,,,,,,,,1,99.00,thumbnails/master-prices_amd_5350.jpg
Intel Core 2 Quad Q9650,,,,,,,,,,,,1,99.00,thumbnails/master-prices_intel_core_2_quad_q9650.jpg
AMD Phenom II X6 1100T Black,,,,,,,,,,,,1,99.00,thumbnails/master-prices_amd_phenom_ii_x6_1100t_black.jpg
Intel Core i7-4790S,,,,,,,,,,,,1,99.00,thumbnails/master-prices_intel_core_i7_4790s.jpg
AMD A10-7850K,,,,,,,,,,,,1,99.00,thumbnails/master-prices_amd_a10_7850k.jpg
Intel Celeron G3900,,,,,,,,,,,,1,99.00,thumbnails/master-prices_intel_celeron_g3900.jpg
AMD Athlon II 160u,,,,,,,,,,,,1,99.00,thumbnails/master-prices_amd_athlon_ii_160u.jpg
Intel Xeon E5-2697 V3,,,,,,,,,,,,1,99.00,thumbnails/master-prices_intel_xeon_e5_2697_v3.jpg
Intel Xeon E3-1270 V3,,,,,,,,,,,,1,99.00,thumbnails/master-prices_intel_xeon_e3_1270_v3.jpg
Intel Core i5-6402P,,,,,,,,,,,,1,99.00,thumbnails/master-prices_intel_core_i5_6402p.jpg
Intel Core 2 Quad Q9550,,,,,,,,,,,,1,99.00,thumbnails/master-prices_intel_core_2_quad_q9550.jpg
Intel Core 2 Duo E7500,,,,,,,,,,,,1,99.00,thumbnails/master-prices_intel_core_2_duo_e7500.jpg
Intel Core i7-950,,,,,,,,,,,,1,99.00,thumbnails/master-prices_intel_core_i7_950.jpg
AMD A10-6800K,,,,,,,,,,,,1,99.00,thumbnails/master-prices_amd_a10_6800k.jpg
Intel Xeon E5-2695 V4,,,,,,,,,,,,1,99.00,thumbnails/master-prices_intel_xeon_e5_2695_v4.jpg
Intel Core i7-3970X Extreme Edition,,,,,,,,,,,,1,99.00,thumbnails/master-prices_intel_core_i7_3970x_extreme_edition.jpg
AMD A10-9700,,,,,,,,,,,,1,99.00,thumbnails/master-prices_amd_a10_9700.jpg
Intel Core i5-4570S,,,,,,,,,,,,1,99.00,thumbnails/master-prices_intel_core_i5_4570s.jpg
AMD A8-7680,,,,,,,,,,,,1,99.00,thumbnails/master-prices_amd_a8_7680.jpg
Intel Core i3-10300,,,,,,,,,,,,1,99.00,thumbnails/master-prices_intel_core_i3_10300.jpg
Intel Core i9-9900X,,,,,,,,,,,,1,99.00,thumbnails/master-prices_intel_core_i9_9900x.jpg
AMD Phenom II X4 820,,,,,,,,,,,,1,99.00,thumbnails/master-prices_amd_phenom_ii_x4_820.jpg
AMD Phenom II X4 965 Black,,,,,,,,,,,,1,99.00,thumbnails/master-prices_amd_phenom_ii_x4_965_black.jpg
Intel Core 2 Extreme QX9770,,,,,,,,,,,,1,99.00,thumbnails/master-prices_intel_core_2_extreme_qx9770.jpg
Intel Core i5-6500T,,,,,,,,,,,,1,99.00,thumbnails/master-prices_intel_core_i5_6500t.jpg
Intel Core i7-870,,,,,,,,,,,,1,99.00,thumbnails/master-prices_intel_core_i7_870.jpg
Intel Core i3-6300,,,,,,,,,,,,1,99.00,thumbnails/master-prices_intel_core_i3_6300.jpg
Intel Xeon E5-2640 V4,,,,,,,,,,,,1,99.00,thumbnails/master-prices_intel_xeon_e5_2640_v4.jpg
Intel Core i7-3960X Extreme Edition,,,,,,,,,,,,1,99.00,thumbnails/master-prices_intel_core_i7_3960x_extreme_edition.jpg
Intel Xeon E5-2680 V2,,,,,,,,,,,,1,99.00,thumbnails/master-prices_intel_xeon_e5_2680_v2.jpg
AMD A10-7800,,,,,,,,,,,,1,99.00,thumbnails/master-prices_amd_a10_7800.jpg
Intel Core i7-10700K Avengers Collector's Edition,,,,,,,,,,,,1,99.00,thumbnails/master-prices_intel_core_i7_10700k_avengers_collector_s_edition.jpg
Intel Core i5-3550,,,,,,,,,,,,1,99.00,thumbnails/master-prices_intel_core_i5_3550.jpg
Intel Core i3-7350K,,,,,,,,,,,,1,99.00,thumbnails/master-prices_intel_core_i3_7350k.jpg
Intel Xeon E5-2630,,,,,,,,,,,,1,99.00,thumbnails/master-prices_intel_xeon_e5_2630.jpg
AMD Athlon X4 860K,,,,,,,,,,,,1,99.00,thumbnails/master-prices_amd_athlon_x4_860k.jpg
Intel Pentium G4600,,,,,,,,,,,,1,99.00,thumbnails/master-prices_intel_pentium_g4600.jpg
Intel Xeon E-2288G,,,,,,,,,,,,1,99.00,thumbnails/master-prices_intel_xeon_e_2288g.jpg
Intel Xeon E5-2695 V3,,,,,,,,,,,,1,99.00,thumbnails/master-prices_intel_xeon_e5_2695_v3.jpg
Intel Pentium Gold G6405,,,,,,,,,,,,1,99.00,thumbnails/master-prices_intel_pentium_gold_g6405.png
Intel Core i5-2320,,,,,,,,,,,,1,99.00,thumbnails/master-prices_intel_core_i5_2320.jpg
Intel Core i5-4590S,,,,,,,,,,,,1,99.00,thumbnails/master-prices_intel_core_i5_4590s.jpg
Intel Core i3-9100T,,,,,,,,,,,,1,99.00,thumbnails/master-prices_intel_core_i3_9100t.jpg
Intel Core i5-760,,,,,,,,,,,,1,99.00,thumbnails/master-prices_intel_core_i5_760.jpg
Intel Pentium G645,,,,,,,,,,,,1,99.00,thumbnails/master-prices_intel_pentium_g645.jpg
Intel Xeon E3-1240 V2,,,,,,,,,,,,1,99.00,thumbnails/master-prices_intel_xeon_e3_1240_v2.jpg
Intel Core i3-7320,,,,,,,,,,,,1,99.00,thumbnails/master-prices_intel_core_i3_7320.jpg
Intel Xeon E5-1620 V4,,,,,,,,,,,,1,99.00,thumbnails/master-prices_intel_xeon_e5_1620_v4.jpg
Intel Core i3-10320,,,,,,,,,,,,1,99.00,thumbnails/master-prices_intel_core_i3_10320.jpg
AMD FX-4100,,,,,,,,,,,,1,99.00,thumbnails/master-prices_amd_fx_4100.jpg
Intel Xeon E3-1240L V5,,,,,,,,,,,,1,99.00,thumbnails/master-prices_intel_xeon_e3_1240l_v5.jpg
Intel Xeon E3-1245 V6,,,,,,,,,,,,1,99.00,thumbnails/master-prices_intel_xeon_e3_1245_v6.jpg
Intel Xeon E5-1660 V3,,,,,,,,,,,,1,99.00,thumbnails/master-prices_intel_xeon_e5_1660_v3.jpg
Intel Core i3-2120T,,,,,,,,,,,,1,99.00,thumbnails/master-prices_intel_core_i3_2120t.jpg
Intel Core i7-4771,,,,,,,,,,,,1,99.00,thumbnails/master-prices_intel_core_i7_4771.jpg
AMD A8-7650K,,,,,,,,,,,,1,99.00,thumbnails/master-prices_amd_a8_7650k.jpg
Intel Core i9-9900T,,,,,,,,,,,,1,99.00,thumbnails/master-prices_intel_core_i9_9900t.jpg
Intel Core i5-3470S,,,,,,,,,,,,1,99.00,thumbnails/master-prices_intel_core_i5_3470s.jpg
Intel Core i9-10850KA Avengers Limited Edition,,,,,,,,,,,,1,99.00,thumbnails/master-prices_intel_core_i9_10850ka_avengers_limited_edition.jpg
AMD FX-8320E,,,,,,,,,,,,1,99.00,thumbnails/master-prices_amd_fx_8320e.jpg
Intel Xeon E5-1650 V3,,,,,,,,,,,,1,99.00,thumbnails/master-prices_intel_xeon_e5_1650_v3.jpg
Intel Celeron G4900,,,,,,,,,,,,1,99.00,thumbnails/master-prices_intel_celeron_g4900.jpg
Intel Xeon E-2286G,,,,,,,,,,,,1,99.00,thumbnails/master-prices_intel_xeon_e_2286g.jpg
Intel Core i7-960,,,,,,,,,,,,1,99.00,thumbnails/master-prices_intel_core_i7_960.jpg
Intel Xeon E3-1230 V3,,,,,,,,,,,,1,99.00,thumbnails/master-prices_intel_xeon_e3_1230_v3.jpg
Intel Xeon E3-1241 V3,,,,,,,,,,,,1,99.00,thumbnails/master-prices_intel_xeon_e3_1241_v3.jpg
Intel Core i9-9960X,,,,,,,,,,,,1,99.00
AMD Phenom II X6 1055T,,,,,,,,,,,,1,99.00,thumbnails/master-prices_amd_phenom_ii_x6_1055t.jpg
Intel Pentium G3220,,,,,,,,,,,,1,99.00,thumbnails/master-prices_intel_pentium_g3220.jpg
AMD A6-7400K,,,,,,,,,,,,1,99.00,thumbnails/master-prices_amd_a6_7400k.jpg
Intel Core i7-2600S,,,,,,,,,,,,1,99.00,thumbnails/master-prices_intel_core_i7_2600s.jpg
Intel Celeron 440,,,,,,,,,,,,1,99.00,thumbnails/master-prices_intel_celeron_440.jpg
Intel Core i3-3250,,,,,,,,,,,,1,99.00,thumbnails/master-prices_intel_core_i3_3250.jpg
Intel Xeon E5-2620 V3,,,,,,,,,,,,1,99.00,thumbnails/master-prices_intel_xeon_e5_2620_v3.jpg
Intel Xeon E5-2630 V2,,,,,,,,,,,,1,99.00,thumbnails/master-prices_intel_xeon_e5_2630_v2.jpg
Intel Xeon E5-2660 V4,,,,,,,,,,,,1,99.00,thumbnails/master-prices_intel_xeon_e5_2660_v4.jpg
Intel Pentium G2020,,,,,,,,,,,,1,99.00,thumbnails/master-prices_intel_pentium_g2020.jpg
Intel Core i5-3350P,,,,,,,,,,,,1,99.00,thumbnails/master-prices_intel_core_i5_3350p.jpg
Intel Xeon E5-2667 V2,,,,,,,,,,,,1,99.00,thumbnails/master-prices_intel_xeon_e5_2667_v2.jpg
Intel Core 2 Extreme QX9775,,,,,,,,,,,,1,99.00,thumbnails/master-prices_intel_core_2_extreme_qx9775.jpg
AMD A10-6700,,,,,,,,,,,,1,99.00,thumbnails/master-prices_amd_a10_6700.jpg
AMD Athlon 220GE,,,,,,,,,,,,1,99.00,thumbnails/master-prices_amd_athlon_220ge.jpg
Intel Core i3-9350KF,,,,,,,,,,,,1,99.00,thumbnails/master-prices_intel_core_i3_9350kf.jpg
Intel Core i5-2400S,,,,,,,,,,,,1,99.00,thumbnails/master-prices_intel_core_i5_2400s.jpg
Intel Xeon E3-1275 V2,,,,,,,,,,,,1,99.00,thumbnails/master-prices_intel_xeon_e3_1275_v2.jpg
Intel Pentium G2030,,,,,,,,,,,,1,99.00,thumbnails/master-prices_intel_pentium_g2030.jpg
Intel Xeon E5-2670,,,,,,,,,,,,1,99.00,thumbnails/master-prices_intel_xeon_e5_2670.png
Intel Xeon E5-2650 V3,,,,,,,,,,,,1,99.00,thumbnails/master-prices_intel_xeon_e5_2650_v3.jpg
AMD Phenom II X4 955 Black,,,,,,,,,,,,1,99.00,thumbnails/master-prices_amd_phenom_ii_x4_955_black.jpg
AMD A10-5800K,,,,,,,,,,,,1,99.00,thumbnails/master-prices_amd_a10_5800k.jpg
Intel Xeon E5-2650L V2,,,,,,,,,,,,1,99.00,thumbnails/master-prices_intel_xeon_e5_2650l_v2.jpg
Intel Xeon E5-2640 V3,,,,,,,,,,,,1,99.00,thumbnails/master-prices_intel_xeon_e5_2640_v3.jpg
Intel Core i5-7640X,,,,,,,,,,,,1,99.00,thumbnails/master-prices_intel_core_i5_7640x.jpg
AMD A6-9500,,,,,,,,,,,,1,99.00,thumbnails/master-prices_amd_a6_9500.jpg
Intel Xeon E5-1680 V3,,,,,,,,,,,,1,99.00,thumbnails/master-prices_intel_xeon_e5_1680_v3.jpg
AMD A12-9800E,,,,,,,,,,,,1,99.00,thumbnails/master-prices_amd_a12_9800e.jpg
Intel Core i3-9300,,,,,,,,,,,,1,99.00,thumbnails/master-prices_intel_core_i3_9300.jpg
Intel Core i3-540,,,,,,,,,,,,1,99.00,thumbnails/master-prices_intel_core_i3_540.jpg
AMD Athlon II X2 250,,,,,,,,,,,,1,99.00,thumbnails/master-prices_amd_athlon_ii_x2_250.jpg
Intel Core i5-2300,,,,,,,,,,,,1,99.00,thumbnails/master-prices_intel_core_i5_2300.jpg
AMD A6-3670K,,,,,,,,,,,,1,99.00,thumbnails/master-prices_amd_a6_3670k.jpg
Intel Xeon E3-1240 V3,,,,,,,,,,,,1,99.00,thumbnails/master-prices_intel_xeon_e3_1240_v3.jpg
Intel Xeon E5-2695 V2,,,,,,,,,,,,1,99.00,thumbnails/master-prices_intel_xeon_e5_2695_v2.jpg
Intel Xeon E3-1270 V5,,,,,,,,,,,,1,99.00,thumbnails/master-prices_intel_xeon_e3_1270_v5.jpg
AMD A10-7890K,,,,,,,,,,,,1,99.00,thumbnails/master-prices_amd_a10_7890k.jpg
Intel Core i5-4460S,,,,,,,,,,,,1,99.00,thumbnails/master-prices_intel_core_i5_4460s.jpg
Intel Core i3-8300,,,,,,,,,,,,1,99.00,thumbnails/master-prices_intel_core_i3_8300.jpg
Intel Core i3-8100T,,,,,,,,,,,,1,99.00,thumbnails/master-prices_intel_core_i3_8100t.jpg
Intel Core i7-9700T,,,,,,,,,,,,1,99.00,thumbnails/master-prices_intel_core_i7_9700t.jpg
Intel Pentium G630,,,,,,,,,,,,1,99.00,thumbnails/master-prices_intel_pentium_g630.jpg
Intel Xeon E5-2650L,,,,,,,,,,,,1,99.00,thumbnails/master-prices_intel_xeon_e5_2650l.jpg
Intel Core i5-2310,,,,,,,,,,,,1,99.00
AMD FX-9370,,,,,,,,,,,,1,99.00,thumbnails/master-prices_amd_fx_9370.jpg
Intel Xeon E5-2650 V2,,,,,,,,,,,,1,99.00,thumbnails/master-prices_intel_xeon_e5_2650_v2.jpg
Intel Xeon E-2236,,,,,,,,,,,,1,99.00,thumbnails/master-prices_intel_xeon_e_2236.jpg
AMD A10-7870K,,,,,,,,,,,,1,99.00,thumbnails/master-prices_amd_a10_7870k.jpg
Intel Core i7-4790T,,,,,,,,,,,,1,99.00,thumbnails/master-prices_intel_core_i7_4790t.jpg
AMD A12-9800,,,,,,,,,,,,1,99.00,thumbnails/master-prices_amd_a12_9800.jpg
Intel Core 2 Quad Q8400,,,,,,,,,,,,1,99.00,thumbnails/master-prices_intel_core_2_quad_q8400.jpg
AMD FX-8120,,,,,,,,,,,,1,99.00,thumbnails/master-prices_amd_fx_8120.jpg
Intel Xeon E3-1270 V2,,,,,,,,,,,,1,99.00,thumbnails/master-prices_intel_xeon_e3_1270_v2.jpg
AMD Opteron 6378,,,,,,,,,,,,1,99.00,thumbnails/master-prices_amd_opteron_6378.jpg
AMD Athlon X4 950,,,,,,,,,,,,1,99.00,thumbnails/master-prices_amd_athlon_x4_950.jpg
Intel Celeron 430,,,,,,,,,,,,1,99.00,thumbnails/master-prices_intel_celeron_430.jpg
Intel Xeon E5-1650 V2,,,,,,,,,,,,1,99.00,thumbnails/master-prices_intel_xeon_e5_1650_v2.jpg
Intel Core i7-880,,,,,,,,,,,,1,99.00,thumbnails/master-prices_intel_core_i7_880.jpg
Intel Core i5-3340,,,,,,,,,,,,1,99.00,thumbnails/master-prices_intel_core_i5_3340.jpg
Intel Xeon E5-2690 V3,,,,,,,,,,,,1,99.00,thumbnails/master-prices_intel_xeon_e5_2690_v3.jpg
Intel Xeon E5-2650L V4,,,,,,,,,,,,1,99.00,thumbnails/master-prices_intel_xeon_e5_2650l_v4.jpg
Intel Core i5-4590T,,,,,,,,,,,,1,99.00,thumbnails/master-prices_intel_core_i5_4590t.jpg
Intel Pentium Gold G5400T,,,,,,,,,,,,1,99.00,thumbnails/master-prices_intel_pentium_gold_g5400t.jpg
Intel Xeon E5-2698 V3,,,,,,,,,,,,1,99.00,thumbnails/master-prices_intel_xeon_e5_2698_v3.jpg
AMD A6-9500E,,,,,,,,,,,,1,99.00,thumbnails/master-prices_amd_a6_9500e.jpg
Intel Core 2 Duo E4300,,,,,,,,,,,,1,99.00,thumbnails/master-prices_intel_core_2_duo_e4300.jpg
Intel Core 2 Duo E8600,,,,,,,,,,,,1,99.00,thumbnails/master-prices_intel_core_2_duo_e8600.jpg
AMD Sempron 140,,,,,,,,,,,,1,99.00,thumbnails/master-prices_amd_sempron_140.jpg
AMD FX-8150,,,,,,,,,,,,1,99.00,thumbnails/master-prices_amd_fx_8150.jpg
Intel Xeon E3-1220 V2,,,,,,,,,,,,1,99.00,thumbnails/master-prices_intel_xeon_e3_1220_v2.jpg
Intel Core i3-4330,,,,,,,,,,,,1,99.00,thumbnails/master-prices_intel_core_i3_4330.jpg
Intel Xeon E3-1245 V3,,,,,,,,,,,,1,99.00,thumbnails/master-prices_intel_xeon_e3_1245_v3.png
Intel Xeon E5-2687W V3,,,,,,,,,,,,1,99.00,thumbnails/master-prices_intel_xeon_e5_2687w_v3.jpg
Intel Core i3-6100T,,,,,,,,,,,,1,99.00,thumbnails/master-prices_intel_core_i3_6100t.jpg
Intel Xeon E5-2620 V4,,,,,,,,,,,,1,99.00,thumbnails/master-prices_intel_xeon_e5_2620_v4.jpg
Intel Core i9-7940X,,,,,,,,,,,,1,99.00
Intel Xeon E3-1220 V3,,,,,,,,,,,,1,99.00,thumbnails/master-prices_intel_xeon_e3_1220_v3.jpg
AMD Athlon II X4 635,,,,,,,,,,,,1,99.00,thumbnails/master-prices_amd_athlon_ii_x4_635.jpg
Intel Core i7-980,,,,,,,,,,,,1,99.00,thumbnails/master-prices_intel_core_i7_980.jpg
Intel Pentium E2160,,,,,,,,,,,,1,99.00,thumbnails/master-prices_intel_pentium_e2160.jpg
Intel Core i5-3450S,,,,,,,,,,,,1,99.00,thumbnails/master-prices_intel_core_i5_3450s.jpg
AMD Phenom II X4 945,,,,,,,,,,,,1,99.00,thumbnails/master-prices_amd_phenom_ii_x4_945.jpg
Intel Pentium E5300,,,,,,,,,,,,1,99.00,thumbnails/master-prices_intel_pentium_e5300.jpg
Intel Core i7-930,,,,,,,,,,,,1,99.00,thumbnails/master-prices_intel_core_i7_930.jpg
AMD A8-5500,,,,,,,,,,,,1,99.00,thumbnails/master-prices_amd_a8_5500.jpg
AMD Athlon X2 370K,,,,,,,,,,,,1,99.00,thumbnails/master-prices_amd_athlon_x2_370k.jpg
Intel Xeon E3-1271 V3,,,,,,,,,,,,1,99.00,thumbnails/master-prices_intel_xeon_e3_1271_v3.jpg
Intel Xeon E5-1650,,,,,,,,,,,,1,99.00,thumbnails/master-prices_intel_xeon_e5_1650.jpg
Intel Xeon E5-2637 V3,,,,,,,,,,,,1,99.00,thumbnails/master-prices_intel_xeon_e5_2637_v3.jpg
Intel Core i5-6400T,,,,,,,,,,,,1,99.00
Intel Xeon E3-1230 V6,,,,,,,,,,,,1,99.00,thumbnails/master-prices_intel_xeon_e3_1230_v6.jpg
Intel Core i7-875K,,,,,,,,,,,,1,99.00,thumbnails/master-prices_intel_core_i7_875k.jpg
AMD Phenom II X4 955,,,,,,,,,,,,1,99.00,thumbnails/master-prices_amd_phenom_ii_x4_955.jpg
Intel Celeron G440,,,,,,,,,,,,1,99.00,thumbnails/master-prices_intel_celeron_g440.jpg
AMD A8-5600K,,,,,,,,,,,,1,99.00,thumbnails/master-prices_amd_a8_5600k.jpg
AMD A6-5400K,,,,,,,,,,,,1,99.00,thumbnails/master-prices_amd_a6_5400k.png
Intel Core i3-3210,,,,,,,,,,,,1,99.00,thumbnails/master-prices_intel_core_i3_3210.jpg
Intel Xeon E5-2670 V2,,,,,,,,,,,,1,99.00,thumbnails/master-prices_intel_xeon_e5_2670_v2.jpg
Intel Core i5-4440S,,,,,,,,,,,,1,99.00,thumbnails/master-prices_intel_core_i5_4440s.jpg
AMD 3850,,,,,,,,,,,,1,99.00,thumbnails/master-prices_amd_3850.jpg
Intel Xeon E-2278G,,,,,,,,,,,,1,99.00,thumbnails/master-prices_intel_xeon_e_2278g.jpg
Intel Core 2 Quad Q9550S,,,,,,,,,,,,1,99.00,thumbnails/master-prices_intel_core_2_quad_q9550s.jpg
Intel Core i3-2100T,,,,,,,,,,,,1,99.00,thumbnails/master-prices_intel_core_i3_2100t.jpg
Intel Xeon E5-2603 V3,,,,,,,,,,,,1,99.00,thumbnails/master-prices_intel_xeon_e5_2603_v3.jpg
Intel Xeon E5-2609 V4,,,,,,,,,,,,1,99.00,thumbnails/master-prices_intel_xeon_e5_2609_v4.png
Intel Core i3-550,,,,,,,,,,,,1,99.00,thumbnails/master-prices_intel_core_i3_550.jpg
AMD Phenom II X6 1075T,,,,,,,,,,,,1,99.00,thumbnails/master-prices_amd_phenom_ii_x6_1075t.jpg
AMD Phenom II X4 940 Black,,,,,,,,,,,,1,99.00,thumbnails/master-prices_amd_phenom_ii_x4_940_black.jpg
Intel Pentium E5800,,,,,,,,,,,,1,99.00,thumbnails/master-prices_intel_pentium_e5800.jpg
Intel Core i3-2130,,,,,,,,,,,,1,99.00,thumbnails/master-prices_intel_core_i3_2130.jpg
Intel Pentium G3240,,,,,,,,,,,,1,99.00,thumbnails/master-prices_intel_pentium_g3240.jpg
AMD A4-7300,,,,,,,,,,,,1,99.00,thumbnails/master-prices_amd_a4_7300.jpg
Intel Xeon E3-1240 V5,,,,,,,,,,,,1,99.00,thumbnails/master-prices_intel_xeon_e3_1240_v5.jpg
AMD A10-7860k,,,,,,,,,,,,1,99.00,thumbnails/master-prices_amd_a10_7860k.jpg
Intel Core i3-6098P,,,,,,,,,,,,1,99.00,thumbnails/master-prices_intel_core_i3_6098p.jpg
Intel Xeon E3-1285 V6,,,,,,,,,,,,1,99.00,thumbnails/master-prices_intel_xeon_e3_1285_v6.jpg
Intel Xeon E5-4650,,,,,,,,,,,,1,99.00,thumbnails/master-prices_intel_xeon_e5_4650.jpg
AMD Athlon II X4 620,,,,,,,,,,,,1,99.00,thumbnails/master-prices_amd_athlon_ii_x4_620.jpg
Intel Xeon E3-1245 V2,,,,,,,,,,,,1,99.00,thumbnails/master-prices_intel_xeon_e3_1245_v2.jpg
Intel Xeon E5-2687W V2,,,,,,,,,,,,1,99.00,thumbnails/master-prices_intel_xeon_e5_2687w_v2.jpg
Intel Core i5-5675C,,,,,,,,,,,,1,99.00
Intel Pentium E2140,,,,,,,,,,,,1,99.00,thumbnails/master-prices_intel_pentium_e2140.jpg
Intel Core i5-4690S,,,,,,,,,,,,1,99.00,thumbnails/master-prices_intel_core_i5_4690s.jpg
Intel Pentium G3250,,,,,,,,,,,,1,99.00,thumbnails/master-prices_intel_pentium_g3250.jpg
Intel Core i5-6600T,139.99,,,,,,,,,,,1,139.99,thumbnails/master-prices_intel_core_i5_6600t.jpg
Intel Xeon E3-1245 V5,,,,,,,,,,,,1,99.00,thumbnails/master-prices_intel_xeon_e3_1245_v5.jpg
Intel Pentium G3260,,,,,,,,,,,,1,99.00,thumbnails/master-prices_intel_pentium_g3260.jpg
Intel Xeon E-2176G,,,,,,,,,,,,1,99.00,thumbnails/master-prices_intel_xeon_e_2176g.jpg
Intel Core 2 Duo E6400,,,,,,,,,,,,1,99.00,thumbnails/master-prices_intel_core_2_duo_e6400.jpg
Intel Core i7-940,,,,,,,,,,,,1,99.00,thumbnails/master-prices_intel_core_i7_940.jpg
AMD Athlon II X4 630,,,,,,,,,,,,1,99.00,thumbnails/master-prices_amd_athlon_ii_x4_630.jpg
Intel Celeron G530,,,,,,,,,,,,1,99.00,thumbnails/master-prices_intel_celeron_g530.jpg
Intel Celeron G1610,,,,,,,,,,,,1,99.00,thumbnails/master-prices_intel_celeron_g1610.jpg
Intel Celeron G4930,,,,,,,,,,,,1,99.00,thumbnails/master-prices_intel_celeron_g4930.jpg
Intel Core 2 Quad Q8200,,,,,,,,,,,,1,99.00
AMD Athlon II X2 270,,,,,,,,,,,,1,99.00,thumbnails/master-prices_amd_athlon_ii_x2_270.jpg
Intel Pentium G640T,,,,,,,,,,,,1,99.00,thumbnails/master-prices_intel_pentium_g640t.jpg
AMD A4-5300,,,,,,,,,,,,1,99.00,thumbnails/master-prices_amd_a4_5300.jpg
AMD A8-6500,,,,,,,,,,,,1,99.00,thumbnails/master-prices_amd_a8_6500.jpg
AMD A10-5700,,,,,,,,,,,,1,99.00,thumbnails/master-prices_amd_a10_5700.jpg
Intel Celeron G4920,,,,,,,,,,,,1,99.00,thumbnails/master-prices_intel_celeron_g4920.jpg
Intel Core 2 Quad Q9400,,,,,,,,,,,,1,99.00,thumbnails/master-prices_intel_core_2_quad_q9400.jpg
AMD Phenom II X4 970 Black,,,,,,,,,,,,1,99.00,thumbnails/master-prices_amd_phenom_ii_x4_970_black.jpg
AMD Phenom II X4 980 Black,,,,,,,,,,,,1,99.00,thumbnails/master-prices_amd_phenom_ii_x4_980_black.jpg
Intel Pentium G620,,,,,,,,,,,,1,99.00,thumbnails/master-prices_intel_pentium_g620.jpg
AMD Phenom II X6 1045T,,,,,,,,,,,,1,99.00,thumbnails/master-prices_amd_phenom_ii_x6_1045t.jpg
AMD A4-4000,,,,,,,,,,,,1,99.00,thumbnails/master-prices_amd_a4_4000.jpg
AMD Athlon X4 750K,,,,,,,,,,,,1,99.00,thumbnails/master-prices_amd_athlon_x4_750k.jpg
Intel Pentium G3420,,,,,,,,,,,,1,99.00,thumbnails/master-prices_intel_pentium_g3420.jpg
Intel Core i3-4160T,,,,,,,,,,,,1,99.00,thumbnails/master-prices_intel_core_i3_4160t.jpg
AMD FX-8310,,,,,,,,,,,,1,99.00,thumbnails/master-prices_amd_fx_8310.jpg
Intel Xeon E3-1230 V5,,,,,,,,,,,,1,99.00,thumbnails/master-prices_intel_xeon_e3_1230_v5.jpg
Intel Core i5-3570S,,,,,,,,,,,,1,99.00,thumbnails/master-prices_intel_core_i5_3570s.jpg
Intel Core i5-8600T,,,,,,,,,,,,1,99.00,thumbnails/master-prices_intel_core_i5_8600t.jpg
Intel Xeon E-2136,,,,,,,,,,,,1,99.00,thumbnails/master-prices_intel_xeon_e_2136.jpg
Intel Celeron G3920,,,,,,,,,,,,1,99.00,thumbnails/master-prices_intel_celeron_g3920.jpg
Intel Core i3-3245,,,,,,,,,,,,1,99.00,thumbnails/master-prices_intel_core_i3_3245.jpg
Intel Xeon E5-2630L V3,,,,,,,,,,,,1,99.00,thumbnails/master-prices_intel_xeon_e5_2630l_v3.jpg
AMD A10-9700E,,,,,,,,,,,,1,99.00,thumbnails/master-prices_amd_a10_9700e.jpg
Intel Xeon E-2274G,,,,,,,,,,,,1,99.00,thumbnails/master-prices_intel_xeon_e_2274g.jpg
Intel Core 2 Duo E4600,,,,,,,,,,,,1,99.00,thumbnails/master-prices_intel_core_2_duo_e4600.jpg
Intel Core 2 Duo E8500,,,,,,,,,,,,1,99.00,thumbnails/master-prices_intel_core_2_duo_e8500.jpg
Intel Core i7-970,,,,,,,,,,,,1,99.00
AMD Phenom II X4 965,,,,,,,,,,,,1,99.00
Intel Pentium G2120,,,,,,,,,,,,1,99.00
Intel Core i3-3225,,,,,,,,,,,,1,99.00
Intel Core i3-4130T,,,,,,,,,,,,1,99.00
Intel Xeon E5-2687W,,,,,,,,,,,,1,99.00
AMD FX-8370E,,,,,,,,,,,,1,99.00
Intel Xeon E3-1265L V3,,,,,,,,,,,,1,99.00
Intel Xeon E3-1280 V6,,,,,,,,,,,,1,99.00
Intel Core i3-8300T,,,,,,,,,,,,1,99.00
Intel Pentium Gold G5500,,,,,,,,,,,,1,99.00
Intel Core i5-3330S,,,,,,,,,,,,1,99.00
Intel Core i5-9400T,,,,,,,,,,,,1,99.00
Intel Pentium Gold G6605,,,,,,,,,,,,1,99.00
Intel Core i3-4340,,,,,,,,,,,,1,99.00
Intel Celeron G3930T,,,,,,,,,,,,1,99.00
AMD Phenom II X4 925,,,,,,,,,,,,1,99.00
Intel Pentium E6600,,,,,,,,,,,,1,99.00
Intel Core 2 Duo E6700,,,,,,,,,,,,1,99.00
Intel Core 2 Duo E7200,,,,,,,,,,,,1,99.00
Intel Core 2 Quad Q6700,,,,,,,,,,,,1,99.00
Intel Core 2 Quad Q8300,,,,,,,,,,,,1,99.00
Intel Core 2 Extreme QX9650,,,,,,,,,,,,1,99.00
AMD FX-8100,,,,,,,,,,,,1,99.00
Intel Core i5-2550K,,,,,,,,,,,,1,99.00
AMD FX-6200,,,,,,,,,,,,1,99.00
Intel Celeron G1840,,,,,,,,,,,,1,99.00
Intel Core i3-4370,,,,,,,,,,,,1,99.00
Intel Xeon E3-1276 V3,,,,,,,,,,,,1,99.00
Intel Xeon E3-1246 V3,,,,,,,,,,,,1,99.00
Intel Xeon E5-1620,,,,,,,,,,,,1,99.00
Intel Xeon E5-2643 V3,,,,,,,,,,,,1,99.00
Intel Core i7-4770T,,,,,,,,,,,,1,99.00
AMD Opteron 6320,,,,,,,,,,,,1,99.00
Intel Xeon E5-2603 V4,,,,,,,,,,,,1,99.00
Intel Core i3-7300,,,,,,,,,,,,1,99.00
Intel Xeon E5-2643 V4,,,,,,,,,,,,1,99.00
AMD Athlon X4 970,,,,,,,,,,,,1,99.00
Intel Core i9-9920X,,,,,,,,,,,,1,99.00
Intel Core i3-10325,,,,,,,,,,,,1,99.00
AMD EPYC 4484PX,,,,,,,,,,,,1,99.00
Intel Pentium Gold G5600,,,,,,,,,,,,1,99.00
Intel Celeron G5920,,,,,,,,,,,,1,99.00
Intel Xeon E5-1660 V2,,,,,,,,,,,,1,99.00
AMD Phenom II X2 555 Black,,,,,,,,,,,,1,99.00
Intel Pentium E5200,,,,,,,,,,,,1,99.00
Intel Core 2 Duo E6320,,,,,,,,,,,,1,99.00
Intel Core 2 Duo E7400,,,,,,,,,,,,1,99.00
Intel Pentium G6950,,,,,,,,,,,,1,99.00
Intel Pentium E5500,,,,,,,,,,,,1,99.00
AMD Phenom II X4 840,,,,,,,,,,,,1,99.00
AMD A8-3850,,,,,,,,,,,,1,99.00
Intel Core i5-2405S,,,,,,,,,,,,1,99.00
AMD A8-3870K,,,,,,,,,,,,1,99.00
AMD A4-3300,,,,,,,,,,,,1,99.00
AMD Athlon X4 760K,,,,,,,,,,,,1,99.00
Intel Xeon E3-1225 V3,,,,,,,,,,,,1,99.00
Intel Xeon E3-1275 V3,,,,,,,,,,,,1,99.00
Intel Celeron G1820,,,,,,,,,,,,1,99.00
Intel Xeon E5-2690,,,,,,,,,,,,1,99.00
Intel Xeon E5-2640 V2,,,,,,,,,,,,1,99.00
Intel Xeon E5-2660 V2,,,,,,,,,,,,1,99.00
Intel Core i3-4360,,,,,,,,,,,,1,99.00
AMD Sempron 150,,,,,,,,,,,,1,99.00
Intel Xeon E5-1630 V3,,,,,,,,,,,,1,99.00
Intel Core i7-3770T,,,,,,,,,,,,1,99.00
Intel Pentium G3470,,,,,,,,,,,,1,99.00
Intel Xeon E3-1220 V5,,,,,,,,,,,,1,99.00
Intel Xeon E3-1260L V5,,,,,,,,,,,,1,99.00
Intel Xeon E3-1225 V5,,,,,,,,,,,,1,99.00
Intel Xeon E3-1235L V5,,,,,,,,,,,,1,99.00
Intel Xeon E3-1270 V6,,,,,,,,,,,,1,99.00
Intel Xeon E-2174G,,,,,,,,,,,,1,99.00
Intel Xeon E-2246G,,,,,,,,,,,,1,99.00
AMD Phenom II X4 830,,,,,,,,,,,,1,99.00
AMD Phenom II X4 975,,,,,,,,,,,,1,99.00
Intel Pentium G870,,,,,,,,,,,,1,99.00
AMD A4-6300B,,,,,,,,,,,,1,99.00
Intel Core i3-6300T,,,,,,,,,,,,1,99.00
AMD Athlon II X2 250u,,,,,,,,,,,,1,99.00
AMD Phenom II X4 905e,,,,,,,,,,,,1,99.00
Intel Pentium E5400,,,,,,,,,,,,1,99.00
Intel Core 2 Duo E6550,,,,,,,,,,,,1,99.00
Intel Core i5-680,,,,,,,,,,,,1,99.00
Intel Core i7-965 Extreme Edition,,,,,,,,,,,,1,99.00
Intel Core i7-975 Extreme Edition,,,,,,,,,,,,1,99.00
Intel Core 2 Extreme QX6700,,,,,,,,,,,,1,99.00
Intel Pentium G850,,,,,,,,,,,,1,99.00
AMD Athlon II X4 631,,,,,,,,,,,,1,99.00
Intel Core i3-3220T,,,,,,,,,,,,1,99.00
Intel Xeon E3-1225,,,,,,,,,,,,1,99.00
Intel Xeon E3-1275,,,,,,,,,,,,1,99.00
Intel Xeon E3-1225 V2,,,,,,,,,,,,1,99.00
AMD FX-4130,,,,,,,,,,,,1,99.00
AMD 5150,,,,,,,,,,,,1,99.00
Intel Core i3-4350,,,,,,,,,,,,1,99.00
Intel Celeron G470,,,,,,,,,,,,1,99.00
AMD E2-3200,,,,,,,,,,,,1,99.00
Intel Xeon E5-2630L V2,,,,,,,,,,,,1,99.00
Intel Xeon E5-2609,,,,,,,,,,,,1,99.00
Intel Core i3-6320,,,,,,,,,,,,1,99.00
Intel Pentium G4500,,,,,,,,,,,,1,99.00
Intel Xeon E3-1275 V5,,,,,,,,,,,,1,99.00
Intel Celeron G4900T,,,,,,,,,,,,1,99.00
Intel Core i5-9600T,,,,,,,,,,,,1,99.00
Intel Xeon E-2244G,,,,,,,,,,,,1,99.00
Intel Xeon E-2276G,,,,,,,,,,,,1,99.00
Intel Xeon E-2124G,,,,,,,,,,,,1,99.00
Intel Xeon E5-2623 V3,,,,,,,,,,,,1,99.00
Intel Core i3-560,,,,,,,,,,,,1,99.00
AMD Athlon II X2 220,,,,,,,,,,,,1,99.00
AMD Athlon II X3 445,,,,,,,,,,,,1,99.00
AMD Phenom II X2 550 Black,,,,,,,,,,,,1,99.00
Intel Pentium E6500,,,,,,,,,,,,1,99.00
Intel Core 2 Duo E6750,,,,,,,,,,,,1,99.00
Intel Core 2 Duo E7600,,,,,,,,,,,,1,99.00
Intel Core 2 Extreme QX6850,,,,,,,,,,,,1,99.00
AMD Athlon II X4 645,,,,,,,,,,,,1,99.00
Intel Pentium E6700,,,,,,,,,,,,1,99.00
AMD A6-3650,,,,,,,,,,,,1,99.00
AMD Phenom II X6 1035T,,,,,,,,,,,,1,99.00
Intel Celeron G540,,,,,,,,,,,,1,99.00
AMD A6-3500,,,,,,,,,,,,1,99.00
Intel Core i3-2125,,,,,,,,,,,,1,99.00
AMD Phenom II X4 970,,,,,,,,,,,,1,99.00
Intel Xeon E3-1245,,,,,,,,,,,,1,99.00
Intel Xeon E3-1270,,,,,,,,,,,,1,99.00
Intel Xeon E3-1265L V2,,,,,,,,,,,,1,99.00
AMD Athlon X4 740,,,,,,,,,,,,1,99.00
AMD Sempron 145,,,,,,,,,,,,1,99.00
Intel Xeon E3-1226 V3,,,,,,,,,,,,1,99.00
Intel Xeon E5-2643 V2,,,,,,,,,,,,1,99.00
AMD Pro A10-7800B,,,,,,,,,,,,1,99.00
Intel Xeon E5-2622 V3,,,,,,,,,,,,1,99.00
Intel Xeon E5-2685 V3,,,,,,,,,,,,1,99.00
AMD Opteron 6344,,,,,,,,,,,,1,99.00
AMD Athlon X4 845,,,,,,,,,,,,1,99.00
AMD Athlon 5370,,,,,,,,,,,,1,99.00
AMD Athlon X4 870K,,,,,,,,,,,,1,99.00
Intel Core i3-7300T,,,,,,,,,,,,1,99.00
Intel Core i5-7600T,,,,,,,,,,,,1,99.00
Intel Xeon E3-1275 V6,,,,,,,,,,,,1,99.00
AMD Athlon 240GE,,,,,,,,,,,,1,99.00
Intel Core i3-9320,,,,,,,,,,,,1,99.00
Intel Core i3-9350K,,,,,,,,,,,,1,99.00
Intel Xeon E-2104G,,,,,,,,,,,,1,99.00
Intel Celeron G5905T,,,,,,,,,,,,1,99.00
Intel Core i3-3240T,,,,,,,,,,,,1,99.00
AMD Phenom II X2 B59,,,,,,,,,,,,1,99.00
AMD Athlon II X2 215,,,,,,,,,,,,1,99.00
AMD Athlon II X2 260,,,,,,,,,,,,1,99.00
AMD Phenom II X2 550,,,,,,,,,,,,1,99.00
AMD Athlon II X2 235e,,,,,,,,,,,,1,99.00
AMD Athlon II X2 240e,,,,,,,,,,,,1,99.00
AMD Phenom II X3 705e,,,,,,,,,,,,1,99.00
Intel Celeron E1200,,,,,,,,,,,,1,99.00
Intel Celeron E1400,,,,,,,,,,,,1,99.00
Intel Pentium E2180,,,,,,,,,,,,1,99.00
Intel Pentium E2200,,,,,,,,,,,,1,99.00
Intel Celeron E3300,,,,,,,,,,,,1,99.00
Intel Pentium E6300,,,,,,,,,,,,1,99.00
Intel Core 2 Duo E6420,,,,,,,,,,,,1,99.00
Intel Core i5-655K,,,,,,,,,,,,1,99.00
Intel Core i5-660,139.99,,,,,,,,,,,1,139.99
Intel Core i5-670,,,,,,,,,,,,1,99.00
Intel Core 2 Extreme QX6800,,,,,,,,,,,,1,99.00
Intel Core 2 Extreme X6800,,,,,,,,,,,,1,99.00
AMD Athlon II X3 450,,,,,,,,,,,,1,99.00
AMD Athlon II X3 455,,,,,,,,,,,,1,99.00
Intel Pentium E6800,,,,,,,,,,,,1,99.00
AMD Phenom II X3 720 Black,,,,,,,,,,,,1,99.00
Intel Pentium G840,,,,,,,,,,,,1,99.00
AMD Phenom II X4 960T Black,,,,,,,,,,,,1,99.00
AMD A4-3400,,,,,,,,,,,,1,99.00
Intel Xeon E3-1240,,,,,,,,,,,,1,99.00
Intel Celeron G1620,,,,,,,,,,,,1,99.00
Intel Xeon E5-1660,,,,,,,,,,,,1,99.00
Intel Xeon E5-2665,,,,,,,,,,,,1,99.00
Intel Xeon E5-2620 V2,,,,,,,,,,,,1,99.00
Intel Pentium G3450,,,,,,,,,,,,1,99.00
AMD Athlon II X4 651,,,,,,,,,,,,1,99.00
Intel Xeon E5-2637 V2,,,,,,,,,,,,1,99.00
AMD Pro A10-7850B,,,,,,,,,,,,1,99.00
AMD Athlon X4 840,,,,,,,,,,,,1,99.00
Intel Pentium G3250T,,,,,,,,,,,,1,99.00
Intel Xeon E5-2650L V3,,,,,,,,,,,,1,99.00
Intel Core i5-4670S,,,,,,,,,,,,1,99.00
Intel Pentium G4520,,,,,,,,,,,,1,99.00
Intel Pentium G4400T,,,,,,,,,,,,1,99.00
AMD Opteron 6328,,,,,,,,,,,,1,99.00
AMD Athlon X4 880K,,,,,,,,,,,,1,99.00
Intel Pentium G4620,,,,,,,,,,,,1,99.00
Intel Xeon E5-2450V2,,,,,,,,,,,,1,99.00
Intel Xeon E5-2470V2,,,,,,,,,,,,1,99.00
Intel Xeon E3-1240 V6,,,,,,,,,,,,1,99.00
Intel Xeon E3-1225 V6,,,,,,,,,,,,1,99.00
Intel Core i5-3550S,,,,,,,,,,,,1,99.00
AMD A6-7480,,,,,,,,,,,,1,99.00
Intel Xeon E-2144G,,,,,,,,,,,,1,99.00
Intel Xeon E-2126G,,,,,,,,,,,,1,99.00
Intel Xeon E-2124,,,,,,,,,,,,1,99.00
Intel Pentium Gold G6500,,,,,,,,,,,,1,99.00
AMD Athlon II X2 245,,,,,,,,,,,,1,99.00
AMD Phenom II X3 720,,,,,,,,,,,,1,99.00
AMD Athlon II X4 605e,,,,,,,,,,,,1,99.00
AMD Phenom II X4 910e,,,,,,,,,,,,1,99.00
Intel Core 2 Duo E4500,,,,,,,,,,,,1,99.00
Intel Core 2 Duo E6850,,,,,,,,,,,,1,99.00
Intel Core 2 Duo E8300,,,,,,,,,,,,1,99.00
Intel Core i5-661,,,,,,,,,,,,1,99.00
Intel Core 2 Quad Q9400S,,,,,,,,,,,,1,99.00
AMD Phenom II X2 565 Black,,,,,,,,,,,,1,99.00
AMD Sempron 130,,,,,,,,,,,,1,99.00
Intel Pentium G620T,,,,,,,,,,,,1,99.00
Intel Pentium G860,,,,,,,,,,,,1,99.00
AMD Athlon II X4 641,,,,,,,,,,,,1,99.00
Intel Xeon E3-1220,,,,,,,,,,,,1,99.00
Intel Xeon E3-1230,,,,,,,,,,,,1,99.00
Intel Xeon E3-1235,,,,,,,,,,,,1,99.00
Intel Xeon E3-1280,,,,,,,,,,,,1,99.00
Intel Core i5-3340S,,,,,,,,,,,,1,99.00
Intel Xeon E5-2603,,,,,,,,,,,,1,99.00
AMD A6-6420K,,,,,,,,,,,,1,99.00
AMD A4-4020,,,,,,,,,,,,1,99.00
AMD A10-6800B,,,,,,,,,,,,1,99.00
AMD FX-4200,,,,,,,,,,,,1,99.00
AMD Pro A4-7300B,,,,,,,,,,,,1,99.00
AMD Athlon X2 450,,,,,,,,,,,,1,99.00
AMD Phenom II X4 B99,,,,,,,,,,,,1,99.00
Intel Xeon E5-2609 V3,,,,,,,,,,,,1,99.00
Intel Pentium G4500T,,,,,,,,,,,,1,99.00
Intel Xeon E5-2658 V3,,,,,,,,,,,,1,99.00
Intel Xeon E5-2683 V3,,,,,,,,,,,,1,99.00
Intel Pentium G4600T,,,,,,,,,,,,1,99.00
AMD A8-7670K,,,,,,,,,,,,1,99.00
Intel Xeon E5-2420V2,,,,,,,,,,,,1,99.00
AMD A6-9550,,,,,,,,,,,,1,99.00
Intel Core i7-870S,,,,,,,,,,,,1,99.00
Intel Pentium Gold G5500T,,,,,,,,,,,,1,99.00
Intel Xeon E5-2660,,,,,,,,,,,,1,99.00
Intel Xeon E-2146G,,,,,,,,,,,,1,99.00
Intel Xeon E-2134,,,,,,,,,,,,1,99.00
Intel Core i3-10305,,,,,,,,,,,,1,99.00
Intel Core i5-4670T,,,,,,,,,,,,1,99.00
Intel Celeron G3950,,,,,,,,,,,,1,99.00
AMD Athlon II X2 255,,,,,,,,,,,,1,99.00
AMD Athlon II X3 435,,,,,,,,,,,,1,99.00
AMD Phenom II X2 545,,,,,,,,,,,,1,99.00
AMD Athlon II X3 400e,,,,,,,,,,,,1,99.00
AMD Athlon II X3 405e,,,,,,,,,,,,1,99.00
AMD Athlon II X3 415e,,,,,,,,,,,,1,99.00
AMD Athlon II X4 600e,,,,,,,,,,,,1,99.00
AMD Phenom II X3 740 Black,,,,,,,,,,,,1,99.00
AMD Phenom II X4 965 Black (140W),,,,,,,,,,,,1,99.00
Intel Celeron E1500,,,,,,,,,,,,1,99.00
Intel Celeron E1600,,,,,,,,,,,,1,99.00
Intel Celeron E3200,,,,,,,,,,,,1,99.00
Intel Core 2 Duo E4400,,,,,,,,,,,,1,99.00
Intel Core 2 Duo E7300,,,,,,,,,,,,1,99.00
Intel Core 2 Duo E8200,,,,,,,,,,,,1,99.00
Intel Core i5-750S,,,,,,,,,,,,1,99.00
Intel Core i7-860S,,,,,,,,,,,,1,99.00
Intel Core 2 Quad Q8200S,,,,,,,,,,,,1,99.00
Intel Core 2 Quad Q9450,,,,,,,,,,,,1,99.00
Intel Core 2 Quad Q9505,,,,,,,,,,,,1,99.00
AMD Phenom II X2 560 Black,,,,,,,,,,,,1,99.00
AMD Athlon II X3 460,,,,,,,,,,,,1,99.00
AMD Athlon II X3 440,,,,,,,,,,,,1,99.00
Intel Core i3-2105,,,,,,,,,,,,1,99.00
Intel Pentium G630T,,,,,,,,,,,,1,99.00
Intel Core i5-2380P,,,,,,,,,,,,1,99.00
Intel Core i5-2450P,,,,,,,,,,,,1,99.00
Intel Pentium G550,,,,,,,,,,,,1,99.00
Intel Celeron G555,,,,,,,,,,,,1,99.00
AMD Athlon II X4 651K,,,,,,,,,,,,1,99.00
Intel Pentium G2130,,,,,,,,,,,,1,99.00
Intel Pentium G3430,,,,,,,,,,,,1,99.00
AMD A10-6790K,,,,,,,,,,,,1,99.00
Intel Celeron G1630,,,,,,,,,,,,1,99.00
Intel Pentium G2140,,,,,,,,,,,,1,99.00
Intel Xeon E5-2609 V2,,,,,,,,,,,,1,99.00
Intel Celeron G1850,,,,,,,,,,,,1,99.00
AMD Sempron X2 190,,,,,,,,,,,,1,99.00
AMD FX-4320,,,,,,,,,,,,1,99.00
AMD Athlon X4 530,,,,,,,,,,,,1,99.00
AMD Athlon X4 550,,,,,,,,,,,,1,99.00
AMD Pro A8-7600B,,,,,,,,,,,,1,99.00
AMD Pro A6-7400B,,,,,,,,,,,,1,99.00
AMD Athlon X2 350,,,,,,,,,,,,1,99.00
AMD Sempron X2 250,,,,,,,,,,,,1,99.00
Intel Pentium G3460,,,,,,,,,,,,1,99.00
AMD Phenom II X6 1065T,,,,,,,,,,,,1,99.00
Intel Xeon E5-2603 V2,,,,,,,,,,,,1,99.00
Intel Xeon E3-1280 V5,,,,,,,,,,,,1,99.00
AMD A6-7470K,,,,,,,,,,,,1,99.00
Intel Pentium G4560T,,,,,,,,,,,,1,99.00
Intel Core i3-7101TE,,,,,,,,,,,,1,99.00
Intel Xeon E5-2430V2,,,,,,,,,,,,1,99.00
Intel Xeon E5-2440V2,,,,,,,,,,,,1,99.00
AMD Athlon X4 940,,,,,,,,,,,,1,99.00
AMD Athlon II X3 425,,,,,,,,,,,,1,99.00
Intel Celeron 450,,,,,,,,,,,,1,99.00
AMD Phenom II X3 710,,,,,,,,,,,,1,99.00
AMD Phenom II X4 805,,,,,,,,,,,,1,99.00
AMD Phenom II X4 810,,,,,,,,,,,,1,99.00
AMD Phenom II X4 910,,,,,,,,,,,,1,99.00
AMD Phenom II X4 920,,,,,,,,,,,,1,99.00
AMD Athlon II X2 245e,,,,,,,,,,,,1,99.00
AMD Athlon II X2 260u,,,,,,,,,,,,1,99.00
AMD Athlon II X4 610e,,,,,,,,,,,,1,99.00
Intel Core 2 Duo E6540,,,,,,,,,,,,1,99.00
Intel Core 2 Duo E8190,,,,,,,,,,,,1,99.00
Intel Core 2 Quad Q8400S,,,,,,,,,,,,1,99.00
Intel Core 2 Quad Q9505S,,,,,,,,,,,,1,99.00
AMD Athlon II X2 265,,,,,,,,,,,,1,99.00
AMD Phenom II X3 715 Black,,,,,,,,,,,,1,99.00
Intel Celeron E3500,,,,,,,,,,,,1,99.00
AMD FX-4170,,,,,,,,,,,,1,99.00
Intel Celeron G465,,,,,,,,,,,,1,99.00
Intel Pentium G2010,,,,,,,,,,,,1,99.00
Intel Celeron G1830,,,,,,,,,,,,1,99.00
Intel Xeon E5-2640,,,,,,,,,,,,1,99.00
Intel Pentium G3440,,,,,,,,,,,,1,99.00
AMD Sempron X2 198,,,,,,,,,,,,1,99.00
AMD A10-6700T,,,,,,,,,,,,1,99.00
AMD A10-6790B,,,,,,,,,,,,1,99.00
AMD A4-6320,,,,,,,,,,,,1,99.00
AMD A4-3450,,,,,,,,,,,,1,99.00
AMD A4-3420,,,,,,,,,,,,1,99.00
AMD FX-4150,,,,,,,,,,,,1,99.00
AMD FX-6130,,,,,,,,,,,,1,99.00
AMD FX-8140,,,,,,,,,,,,1,99.00
AMD Athlon II X2 221,,,,,,,,,,,,1,99.00
AMD Athlon II X4 638,,,,,,,,,,,,1,99.00
Intel Core i3-4360T,,,,,,,,,,,,1,99.00